Fold,Algorithm,Classifier,Dataset,TransferFunction,BestFitness,Time,Accuracy,Error,Sensitivity,Recall,Specificity,Precision,F1,MCC,ROC_AUC,ConfusionMatrix,ConfusionMatrix_Flat,ConfusionMatrix_Shape,NumFeatures,BestSolution,Convergence,Run
1,bLRRIME-KNN,knn,PulmonaryHypertension,v1,0.06434343434343433,1.7900841236114502,0.9333333333333333,0.06666666666666665,1.0,1.0,0.8571428571428571,0.8888888888888888,0.9411764705882353,0.8728715609439694,0.9107142857142857,"[[6,1],
 [0,8]]","[6, 1, 0, 8]","(2, 2)",2,"[0 0 0 0 0 1 0 0 0 0 0 0 0 0 0 0 0 0 0 0 0 0 0 0 0 0 0 0 0 0 0 0 0 0 1 0 0
 0 0 0 0 0 0 0 0 0 0 0 0 0 0 0 0 0 0 0 0 0 0 0 0 0 0 0 0 0 0 0 0 0 0 0 0 0
 0 0 0 0 0 0 0 0 0 0 0 0 0 0 0 0 0 0 0 0 0 0 0 0 0]","[0.14737374 0.0779798  0.07090909 0.07090909 0.07090909 0.07090909
 0.07090909 0.06636364 0.06535354 0.06535354 0.06484848 0.06484848
 0.06484848 0.06484848 0.06434343 0.06434343 0.06434343 0.06434343
 0.06434343 0.06434343 0.06434343 0.06434343 0.06434343 0.06434343
 0.06434343 0.06434343 0.06434343 0.06434343 0.06434343 0.06434343
 0.06434343 0.06434343 0.06434343 0.06434343 0.06434343 0.06434343
 0.06434343 0.06434343 0.06434343 0.06434343 0.06434343 0.06434343
 0.06434343 0.06434343 0.06434343 0.06434343 0.06434343 0.06434343
 0.06434343 0.06434343]",1
2,bLRRIME-KNN,knn,PulmonaryHypertension,v1,0.0020202020202020224,1.535703420639038,1.0,0.0,1.0,1.0,1.0,1.0,1.0,1.0,1.0,"[[7,0],
 [0,7]]","[7, 0, 0, 7]","(2, 2)",4,"[0 0 0 0 0 0 1 0 0 0 0 0 0 0 1 0 0 0 0 0 0 0 0 0 0 0 0 0 0 0 0 0 1 0 0 0 0
 0 0 0 0 0 0 0 0 0 0 0 0 0 0 0 0 0 0 0 0 0 0 0 0 0 0 0 0 0 0 0 0 0 0 0 0 0
 0 0 0 0 0 0 0 0 0 1 0 0 0 0 0 0 0 0 0 0 0 0 0 0 0]","[0.09462482 0.09209957 0.09209957 0.08704906 0.0784632  0.0784632
 0.07189755 0.06937229 0.06937229 0.06886724 0.06886724 0.06886724
 0.06886724 0.06886724 0.06886724 0.06886724 0.06836219 0.06836219
 0.06836219 0.06836219 0.06836219 0.06836219 0.06836219 0.06836219
 0.06836219 0.06836219 0.06836219 0.06836219 0.06836219 0.06836219
 0.06836219 0.06836219 0.06836219 0.06836219 0.06836219 0.06836219
 0.06836219 0.06836219 0.06836219 0.0020202  0.0020202  0.0020202
 0.0020202  0.0020202  0.0020202  0.0020202  0.0020202  0.0020202
 0.0020202  0.0020202 ]",1
3,bLRRIME-KNN,knn,PulmonaryHypertension,v1,0.0015151515151515165,1.6566057205200195,1.0,0.0,1.0,1.0,1.0,1.0,1.0,1.0,1.0,"[[7,0],
 [0,7]]","[7, 0, 0, 7]","(2, 2)",3,"[0 0 0 0 0 0 0 0 0 0 0 0 0 0 0 0 0 0 0 0 0 0 0 0 0 0 0 0 0 0 0 0 0 0 0 0 0
 0 0 0 0 0 0 0 0 0 0 1 0 0 0 0 0 0 0 0 0 0 0 0 0 0 0 0 0 0 0 1 0 0 0 0 0 0
 0 1 0 0 0 0 0 0 0 0 0 0 0 0 0 0 0 0 0 0 0 0 0 0 0]","[0.08351371 0.08098846 0.07997835 0.0734127  0.0713925  0.07088745
 0.07088745 0.07088745 0.00353535 0.00252525 0.00252525 0.0020202
 0.0020202  0.0020202  0.0020202  0.0020202  0.0020202  0.0020202
 0.0020202  0.0020202  0.00151515 0.00151515 0.00151515 0.00151515
 0.00151515 0.00151515 0.00151515 0.00151515 0.00151515 0.00151515
 0.00151515 0.00151515 0.00151515 0.00151515 0.00151515 0.00151515
 0.00151515 0.00151515 0.00151515 0.00151515 0.00151515 0.00151515
 0.00151515 0.00151515 0.00151515 0.00151515 0.00151515 0.00151515
 0.00151515 0.00151515]",1
4,bLRRIME-KNN,knn,PulmonaryHypertension,v1,0.0020202020202020224,1.7223665714263916,1.0,0.0,1.0,1.0,1.0,1.0,1.0,1.0,1.0,"[[7,0],
 [0,7]]","[7, 0, 0, 7]","(2, 2)",4,"[0 0 0 0 0 0 0 0 0 0 0 0 0 0 0 0 0 0 0 0 0 0 0 0 0 0 0 0 0 0 0 0 1 0 0 0 0
 0 0 0 0 0 0 0 0 1 0 1 0 0 0 0 0 0 0 0 0 0 0 0 0 0 0 0 0 0 0 0 0 0 0 0 0 0
 0 0 0 1 0 0 0 0 0 0 0 0 0 0 0 0 0 0 0 0 0 0 0 0 0]","[0.16096681 0.16096681 0.1518759  0.1518759  0.1518759  0.1518759
 0.1488456  0.1488456  0.1488456  0.14480519 0.14480519 0.14480519
 0.14329004 0.14329004 0.14329004 0.14177489 0.0713925  0.00252525
 0.00252525 0.00252525 0.00252525 0.00252525 0.00252525 0.00252525
 0.00252525 0.00252525 0.0020202  0.0020202  0.0020202  0.0020202
 0.0020202  0.0020202  0.0020202  0.0020202  0.0020202  0.0020202
 0.0020202  0.0020202  0.0020202  0.0020202  0.0020202  0.0020202
 0.0020202  0.0020202  0.0020202  0.0020202  0.0020202  0.0020202
 0.0020202  0.0020202 ]",1
5,bLRRIME-KNN,knn,PulmonaryHypertension,v1,0.13621933621933627,1.5063199996948242,0.8571428571428571,0.1428571428571429,0.7142857142857143,0.7142857142857143,1.0,1.0,0.8333333333333334,0.7453559924999299,0.8367346938775511,"[[7,0],
 [2,5]]","[7, 0, 2, 5]","(2, 2)",1,"[0 0 0 0 0 0 0 0 0 0 0 0 0 0 0 0 0 0 0 0 0 0 0 0 0 0 0 0 0 0 0 0 0 0 0 0 0
 0 0 0 0 0 0 0 0 0 0 0 0 0 0 0 0 0 0 0 0 0 0 0 0 0 0 0 0 0 0 0 0 0 0 0 0 0
 0 0 0 0 0 0 0 0 0 0 0 0 0 0 0 0 0 0 0 0 0 1 0 0 0]","[0.22175325 0.21468254 0.21417749 0.20761183 0.20761183 0.20761183
 0.20559163 0.20407648 0.20407648 0.20407648 0.20407648 0.13621934
 0.13621934 0.13621934 0.13621934 0.13621934 0.13621934 0.13621934
 0.13621934 0.13621934 0.13621934 0.13621934 0.13621934 0.13621934
 0.13621934 0.13621934 0.13621934 0.13621934 0.13621934 0.13621934
 0.13621934 0.13621934 0.13621934 0.13621934 0.13621934 0.13621934
 0.13621934 0.13621934 0.13621934 0.13621934 0.13621934 0.13621934
 0.13621934 0.13621934 0.13621934 0.13621934 0.13621934 0.13621934
 0.13621934 0.13621934]",1
6,bLRRIME-KNN,knn,PulmonaryHypertension,v1,0.13672438672438678,1.5463893413543701,0.8571428571428571,0.1428571428571429,0.8571428571428571,0.8571428571428571,0.8571428571428571,0.8571428571428571,0.8571428571428571,0.7142857142857143,0.8265306122448979,"[[6,1],
 [1,6]]","[6, 1, 1, 6]","(2, 2)",2,"[0 0 0 0 0 0 0 0 0 1 0 0 0 0 0 0 0 0 0 1 0 0 0 0 0 0 0 0 0 0 0 0 0 0 0 0 0
 0 0 0 0 0 0 0 0 0 0 0 0 0 0 0 0 0 0 0 0 0 0 0 0 0 0 0 0 0 0 0 0 0 0 0 0 0
 0 0 0 0 0 0 0 0 0 0 0 0 0 0 0 0 0 0 0 0 0 0 0 0 0]","[0.35898268 0.34989177 0.34837662 0.21266234 0.21266234 0.21266234
 0.21266234 0.21266234 0.20458153 0.20407648 0.20407648 0.20407648
 0.20407648 0.20407648 0.20407648 0.20407648 0.20407648 0.13672439
 0.13672439 0.13672439 0.13672439 0.13672439 0.13672439 0.13672439
 0.13672439 0.13672439 0.13672439 0.13672439 0.13672439 0.13672439
 0.13672439 0.13672439 0.13672439 0.13672439 0.13672439 0.13672439
 0.13672439 0.13672439 0.13672439 0.13672439 0.13672439 0.13672439
 0.13672439 0.13672439 0.13672439 0.13672439 0.13672439 0.13672439
 0.13672439 0.13672439]",1
7,bLRRIME-KNN,knn,PulmonaryHypertension,v1,0.06937229437229434,1.635934829711914,0.9285714285714286,0.0714285714285714,1.0,1.0,0.8571428571428571,0.875,0.9333333333333333,0.8660254037844387,0.9489795918367346,"[[6,1],
 [0,7]]","[6, 1, 0, 7]","(2, 2)",3,"[0 0 0 0 0 0 0 0 0 0 0 0 0 0 0 0 0 0 0 1 0 0 0 0 0 0 0 1 0 0 0 0 0 0 0 0 0
 0 0 0 0 0 0 0 0 0 0 0 0 0 0 0 0 0 0 0 0 0 0 0 0 0 0 0 0 0 0 0 0 0 0 0 0 0
 0 0 0 0 0 0 0 0 0 0 0 0 0 0 1 0 0 0 0 0 0 0 0 0 0]","[0.29466089 0.21367244 0.14379509 0.14379509 0.14379509 0.14379509
 0.14379509 0.14126984 0.14126984 0.13672439 0.13672439 0.0703824
 0.06987734 0.06987734 0.06987734 0.06937229 0.06937229 0.06937229
 0.06937229 0.06937229 0.06937229 0.06937229 0.06937229 0.06937229
 0.06937229 0.06937229 0.06937229 0.06937229 0.06937229 0.06937229
 0.06937229 0.06937229 0.06937229 0.06937229 0.06937229 0.06937229
 0.06937229 0.06937229 0.06937229 0.06937229 0.06937229 0.06937229
 0.06937229 0.06937229 0.06937229 0.06937229 0.06937229 0.06937229
 0.06937229 0.06937229]",1
8,bLRRIME-KNN,knn,PulmonaryHypertension,v1,0.1377344877344878,1.879204273223877,0.8571428571428571,0.1428571428571429,0.8571428571428571,0.8571428571428571,0.8571428571428571,0.8571428571428571,0.8571428571428571,0.7142857142857143,0.8367346938775511,"[[6,1],
 [1,6]]","[6, 1, 1, 6]","(2, 2)",4,"[0 0 0 0 1 0 0 0 0 0 0 0 0 0 0 0 0 0 0 0 0 0 0 0 0 0 0 1 0 0 0 0 0 0 0 0 0
 0 0 0 0 0 0 0 0 0 0 1 0 0 0 0 0 0 0 0 0 0 0 0 0 0 0 0 0 0 0 0 0 0 0 0 0 0
 0 0 0 0 0 1 0 0 0 0 0 0 0 0 0 0 0 0 0 0 0 0 0 0 0]","[0.22377345 0.21872294 0.14480519 0.14480519 0.14480519 0.14480519
 0.14480519 0.14076479 0.14076479 0.13975469 0.13975469 0.13874459
 0.13874459 0.13874459 0.13874459 0.13773449 0.13773449 0.13773449
 0.13773449 0.13773449 0.13773449 0.13773449 0.13773449 0.13773449
 0.13773449 0.13773449 0.13773449 0.13773449 0.13773449 0.13773449
 0.13773449 0.13773449 0.13773449 0.13773449 0.13773449 0.13773449
 0.13773449 0.13773449 0.13773449 0.13773449 0.13773449 0.13773449
 0.13773449 0.13773449 0.13773449 0.13773449 0.13773449 0.13773449
 0.13773449 0.13773449]",1
9,bLRRIME-KNN,knn,PulmonaryHypertension,v1,0.13722943722943728,1.6663239002227783,0.8571428571428571,0.1428571428571429,1.0,1.0,0.7142857142857143,0.7777777777777778,0.875,0.7453559924999299,0.8163265306122449,"[[5,2],
 [0,7]]","[5, 2, 0, 7]","(2, 2)",3,"[0 0 0 0 0 0 0 0 0 0 0 0 0 0 0 0 0 0 1 0 0 0 0 0 0 0 0 0 0 0 0 0 0 0 0 0 0
 0 0 0 0 0 0 0 0 0 0 0 0 0 0 0 0 0 0 0 0 0 0 0 0 0 0 0 0 0 0 0 0 0 1 0 0 0
 0 0 0 0 0 0 0 0 0 0 0 1 0 0 0 0 0 0 0 0 0 0 0 0 0]","[0.29264069 0.28506494 0.21266234 0.21266234 0.21266234 0.21266234
 0.21013709 0.20862193 0.20811688 0.20609668 0.20609668 0.20609668
 0.20609668 0.20609668 0.13722944 0.13722944 0.13722944 0.13722944
 0.13722944 0.13722944 0.13722944 0.13722944 0.13722944 0.13722944
 0.13722944 0.13722944 0.13722944 0.13722944 0.13722944 0.13722944
 0.13722944 0.13722944 0.13722944 0.13722944 0.13722944 0.13722944
 0.13722944 0.13722944 0.13722944 0.13722944 0.13722944 0.13722944
 0.13722944 0.13722944 0.13722944 0.13722944 0.13722944 0.13722944
 0.13722944 0.13722944]",1
10,bLRRIME-KNN,knn,PulmonaryHypertension,v1,0.0015151515151515165,1.8812532424926758,1.0,0.0,1.0,1.0,1.0,1.0,1.0,1.0,1.0,"[[6,0],
 [0,8]]","[6, 0, 0, 8]","(2, 2)",3,"[0 0 0 0 0 0 0 0 0 0 0 0 0 0 0 0 0 0 0 0 0 0 0 0 0 0 0 0 0 0 0 0 0 0 0 0 0
 0 0 0 0 0 1 0 0 0 0 0 0 0 0 0 0 0 0 0 0 0 0 0 0 0 0 0 0 0 0 1 0 0 0 0 0 0
 0 0 0 0 0 0 0 0 1 0 0 0 0 0 0 0 0 0 0 0 0 0 0 0 0]","[0.15591631 0.08149351 0.0794733  0.076443   0.076443   0.0734127
 0.07189755 0.06937229 0.06937229 0.06937229 0.00505051 0.00505051
 0.00252525 0.00252525 0.00252525 0.00252525 0.0020202  0.0020202
 0.0020202  0.0020202  0.0020202  0.00151515 0.00151515 0.00151515
 0.00151515 0.00151515 0.00151515 0.00151515 0.00151515 0.00151515
 0.00151515 0.00151515 0.00151515 0.00151515 0.00151515 0.00151515
 0.00151515 0.00151515 0.00151515 0.00151515 0.00151515 0.00151515
 0.00151515 0.00151515 0.00151515 0.00151515 0.00151515 0.00151515
 0.00151515 0.00151515]",1
1,bLRRIME-KNN,knn,PulmonaryHypertension,v1,0.13020202020202015,1.7740473747253418,0.8666666666666667,0.1333333333333333,1.0,1.0,0.7142857142857143,0.8,0.8888888888888888,0.7559289460184545,0.8303571428571428,"[[5,2],
 [0,8]]","[5, 2, 0, 8]","(2, 2)",7,"[0 0 0 0 0 0 0 0 0 0 0 0 0 0 0 0 0 0 0 0 0 0 1 0 0 0 0 0 0 0 0 1 0 0 0 0 1
 0 0 0 0 0 0 0 0 0 0 0 0 1 0 0 0 0 0 0 0 0 0 0 0 0 0 0 0 0 0 0 0 1 0 0 0 0
 1 0 0 0 0 0 0 0 0 0 0 0 0 1 0 0 0 0 0 0 0 0 0 0 0]","[0.2720202  0.26444444 0.26444444 0.26343434 0.25939394 0.19505051
 0.19505051 0.19505051 0.19252525 0.19151515 0.19151515 0.19151515
 0.19151515 0.19151515 0.19151515 0.19151515 0.13020202 0.13020202
 0.13020202 0.13020202 0.13020202 0.13020202 0.13020202 0.13020202
 0.13020202 0.13020202 0.13020202 0.13020202 0.13020202 0.13020202
 0.13020202 0.13020202 0.13020202 0.13020202 0.13020202 0.13020202
 0.13020202 0.13020202 0.13020202 0.13020202 0.13020202 0.13020202
 0.13020202 0.13020202 0.13020202 0.13020202 0.13020202 0.13020202
 0.13020202 0.13020202]",2
2,bLRRIME-KNN,knn,PulmonaryHypertension,v1,0.003535353535353538,1.9515235424041748,1.0,0.0,1.0,1.0,1.0,1.0,1.0,1.0,1.0,"[[7,0],
 [0,7]]","[7, 0, 0, 7]","(2, 2)",7,"[0 0 0 0 1 1 0 0 0 0 0 0 0 0 0 0 0 0 0 0 0 0 0 0 0 0 0 0 0 0 0 0 0 0 0 0 0
 0 0 1 0 0 0 0 0 0 0 1 0 0 0 0 1 0 0 0 0 0 1 0 0 0 0 0 0 0 0 0 0 0 0 0 0 1
 0 0 0 0 0 0 0 0 0 0 0 0 0 0 0 0 0 0 0 0 0 0 0 0 0]","[0.08805916 0.08048341 0.07997835 0.07997835 0.07795815 0.07492785
 0.07492785 0.0734127  0.00808081 0.00808081 0.00808081 0.00808081
 0.00808081 0.00808081 0.00808081 0.00808081 0.00808081 0.00808081
 0.00808081 0.00808081 0.00808081 0.00808081 0.00808081 0.00808081
 0.00808081 0.00808081 0.00808081 0.00808081 0.00808081 0.00808081
 0.00808081 0.00606061 0.00606061 0.00606061 0.00606061 0.00454545
 0.00454545 0.00454545 0.00454545 0.0040404  0.0040404  0.0040404
 0.0040404  0.0040404  0.0040404  0.0040404  0.0040404  0.0040404
 0.00353535 0.00353535]",2
3,bLRRIME-KNN,knn,PulmonaryHypertension,v1,0.0020202020202020224,1.851365089416504,1.0,0.0,1.0,1.0,1.0,1.0,1.0,1.0,1.0,"[[7,0],
 [0,7]]","[7, 0, 0, 7]","(2, 2)",4,"[0 0 0 0 0 1 0 0 0 0 0 0 0 0 0 0 0 0 0 0 0 0 0 0 0 0 0 0 0 0 0 0 0 0 0 0 0
 0 0 0 0 0 0 1 0 0 0 0 0 0 0 0 0 0 0 0 0 0 0 0 0 0 0 0 0 0 1 0 0 0 0 0 0 0
 0 0 0 0 0 0 0 0 0 0 0 0 0 0 0 0 0 0 0 0 0 1 0 0 0]","[0.02474747 0.02474747 0.02474747 0.01666667 0.00858586 0.00858586
 0.00656566 0.00656566 0.00656566 0.00656566 0.00353535 0.00353535
 0.00252525 0.00252525 0.00252525 0.0020202  0.0020202  0.0020202
 0.0020202  0.0020202  0.0020202  0.0020202  0.0020202  0.0020202
 0.0020202  0.0020202  0.0020202  0.0020202  0.0020202  0.0020202
 0.0020202  0.0020202  0.0020202  0.0020202  0.0020202  0.0020202
 0.0020202  0.0020202  0.0020202  0.0020202  0.0020202  0.0020202
 0.0020202  0.0020202  0.0020202  0.0020202  0.0020202  0.0020202
 0.0020202  0.0020202 ]",2
4,bLRRIME-KNN,knn,PulmonaryHypertension,v1,0.0005050505050505056,1.5784893035888672,1.0,0.0,1.0,1.0,1.0,1.0,1.0,1.0,1.0,"[[7,0],
 [0,7]]","[7, 0, 0, 7]","(2, 2)",1,"[0 0 0 0 0 0 0 0 0 0 0 0 0 0 0 0 0 0 0 0 0 0 0 0 0 0 0 1 0 0 0 0 0 0 0 0 0
 0 0 0 0 0 0 0 0 0 0 0 0 0 0 0 0 0 0 0 0 0 0 0 0 0 0 0 0 0 0 0 0 0 0 0 0 0
 0 0 0 0 0 0 0 0 0 0 0 0 0 0 0 0 0 0 0 0 0 0 0 0 0]","[0.2283189  0.22074315 0.21266234 0.14632035 0.14632035 0.14329004
 0.14329004 0.14329004 0.14329004 0.14329004 0.14227994 0.0774531
 0.0774531  0.0774531  0.0774531  0.0774531  0.0774531  0.0774531
 0.0774531  0.0703824  0.0703824  0.0703824  0.0703824  0.0703824
 0.0703824  0.0703824  0.00050505 0.00050505 0.00050505 0.00050505
 0.00050505 0.00050505 0.00050505 0.00050505 0.00050505 0.00050505
 0.00050505 0.00050505 0.00050505 0.00050505 0.00050505 0.00050505
 0.00050505 0.00050505 0.00050505 0.00050505 0.00050505 0.00050505
 0.00050505 0.00050505]",2
5,bLRRIME-KNN,knn,PulmonaryHypertension,v1,0.0020202020202020224,1.7949652671813965,1.0,0.0,1.0,1.0,1.0,1.0,1.0,1.0,1.0,"[[7,0],
 [0,7]]","[7, 0, 0, 7]","(2, 2)",4,"[0 0 0 0 0 1 0 0 1 0 0 0 0 0 0 0 0 0 0 0 0 0 0 0 0 0 0 0 0 0 0 0 0 0 0 0 0
 0 0 0 0 0 0 0 0 0 0 0 0 0 0 0 0 0 0 0 0 0 0 0 0 0 0 0 0 0 0 1 0 0 0 1 0 0
 0 0 0 0 0 0 0 0 0 0 0 0 0 0 0 0 0 0 0 0 0 0 0 0 0]","[0.16046176 0.1498557  0.14227994 0.14227994 0.0734127  0.0734127
 0.0703824  0.06937229 0.06937229 0.06937229 0.06937229 0.06937229
 0.06937229 0.06937229 0.06937229 0.06937229 0.06937229 0.06937229
 0.06937229 0.06937229 0.06937229 0.06937229 0.00252525 0.0020202
 0.0020202  0.0020202  0.0020202  0.0020202  0.0020202  0.0020202
 0.0020202  0.0020202  0.0020202  0.0020202  0.0020202  0.0020202
 0.0020202  0.0020202  0.0020202  0.0020202  0.0020202  0.0020202
 0.0020202  0.0020202  0.0020202  0.0020202  0.0020202  0.0020202
 0.0020202  0.0020202 ]",2
6,bLRRIME-KNN,knn,PulmonaryHypertension,v1,0.0020202020202020224,1.8353075981140137,1.0,0.0,1.0,1.0,1.0,1.0,1.0,1.0,1.0,"[[7,0],
 [0,7]]","[7, 0, 0, 7]","(2, 2)",4,"[0 0 0 0 0 0 0 0 0 0 0 0 0 0 0 0 0 0 0 0 0 0 1 1 0 0 0 0 0 0 0 0 0 0 0 0 0
 0 0 0 0 0 0 0 0 0 0 0 0 1 0 0 0 0 0 0 0 0 0 0 0 0 0 0 0 0 0 0 1 0 0 0 0 0
 0 0 0 0 0 0 0 0 0 0 0 0 0 0 0 0 0 0 0 0 0 0 0 0 0]","[0.08805916 0.08452381 0.07997835 0.07997835 0.07997835 0.07997835
 0.07593795 0.07593795 0.0754329  0.0754329  0.0754329  0.0754329
 0.0754329  0.0754329  0.06937229 0.06937229 0.00555556 0.0040404
 0.00353535 0.00353535 0.00353535 0.00252525 0.00252525 0.00252525
 0.00252525 0.00252525 0.00252525 0.00252525 0.0020202  0.0020202
 0.0020202  0.0020202  0.0020202  0.0020202  0.0020202  0.0020202
 0.0020202  0.0020202  0.0020202  0.0020202  0.0020202  0.0020202
 0.0020202  0.0020202  0.0020202  0.0020202  0.0020202  0.0020202
 0.0020202  0.0020202 ]",2
7,bLRRIME-KNN,knn,PulmonaryHypertension,v1,0.13621933621933627,1.48185396194458,0.8571428571428571,0.1428571428571429,0.8571428571428571,0.8571428571428571,0.8571428571428571,0.8571428571428571,0.8571428571428571,0.7142857142857143,0.9183673469387755,"[[6,1],
 [1,6]]","[6, 1, 1, 6]","(2, 2)",1,"[0 0 0 0 0 1 0 0 0 0 0 0 0 0 0 0 0 0 0 0 0 0 0 0 0 0 0 0 0 0 0 0 0 0 0 0 0
 0 0 0 0 0 0 0 0 0 0 0 0 0 0 0 0 0 0 0 0 0 0 0 0 0 0 0 0 0 0 0 0 0 0 0 0 0
 0 0 0 0 0 0 0 0 0 0 0 0 0 0 0 0 0 0 0 0 0 0 0 0 0]","[0.22579365 0.2252886  0.2222583  0.21114719 0.14177489 0.14126984
 0.14025974 0.13621934 0.13621934 0.13621934 0.13621934 0.13621934
 0.13621934 0.13621934 0.13621934 0.13621934 0.13621934 0.13621934
 0.13621934 0.13621934 0.13621934 0.13621934 0.13621934 0.13621934
 0.13621934 0.13621934 0.13621934 0.13621934 0.13621934 0.13621934
 0.13621934 0.13621934 0.13621934 0.13621934 0.13621934 0.13621934
 0.13621934 0.13621934 0.13621934 0.13621934 0.13621934 0.13621934
 0.13621934 0.13621934 0.13621934 0.13621934 0.13621934 0.13621934
 0.13621934 0.13621934]",2
8,bLRRIME-KNN,knn,PulmonaryHypertension,v1,0.0010101010101010112,1.6184849739074707,1.0,0.0,1.0,1.0,1.0,1.0,1.0,1.0,1.0,"[[7,0],
 [0,7]]","[7, 0, 0, 7]","(2, 2)",2,"[0 0 0 0 0 0 0 0 0 0 0 0 0 0 0 0 0 0 0 0 0 0 0 0 0 0 0 0 0 0 0 0 0 0 0 0 0
 0 0 0 0 0 0 0 0 0 0 0 0 0 0 0 0 0 0 0 0 0 1 0 0 0 0 0 0 0 0 0 0 0 0 0 1 0
 0 0 0 0 0 0 0 0 0 0 0 0 0 0 0 0 0 0 0 0 0 0 0 0 0]","[0.15541126 0.1549062  0.1549062  0.07088745 0.07088745 0.00151515
 0.00151515 0.0010101  0.0010101  0.0010101  0.0010101  0.0010101
 0.0010101  0.0010101  0.0010101  0.0010101  0.0010101  0.0010101
 0.0010101  0.0010101  0.0010101  0.0010101  0.0010101  0.0010101
 0.0010101  0.0010101  0.0010101  0.0010101  0.0010101  0.0010101
 0.0010101  0.0010101  0.0010101  0.0010101  0.0010101  0.0010101
 0.0010101  0.0010101  0.0010101  0.0010101  0.0010101  0.0010101
 0.0010101  0.0010101  0.0010101  0.0010101  0.0010101  0.0010101
 0.0010101  0.0010101 ]",2
9,bLRRIME-KNN,knn,PulmonaryHypertension,v1,0.13621933621933627,1.3510076999664307,0.8571428571428571,0.1428571428571429,0.7142857142857143,0.7142857142857143,1.0,1.0,0.8333333333333334,0.7453559924999299,0.7551020408163265,"[[7,0],
 [2,5]]","[7, 0, 2, 5]","(2, 2)",1,"[0 0 0 0 0 0 0 0 0 0 0 0 0 0 0 0 0 0 0 0 0 0 0 0 0 0 0 0 0 0 0 0 0 0 0 0 0
 0 0 0 0 0 0 0 0 0 0 0 0 0 0 0 0 0 0 0 0 0 0 0 0 0 0 0 0 0 0 0 0 0 0 0 0 0
 0 0 0 0 0 0 0 0 1 0 0 0 0 0 0 0 0 0 0 0 0 0 0 0 0]","[0.2262987  0.2222583  0.21771284 0.21114719 0.20811688 0.20710678
 0.20710678 0.13823954 0.13823954 0.13621934 0.13621934 0.13621934
 0.13621934 0.13621934 0.13621934 0.13621934 0.13621934 0.13621934
 0.13621934 0.13621934 0.13621934 0.13621934 0.13621934 0.13621934
 0.13621934 0.13621934 0.13621934 0.13621934 0.13621934 0.13621934
 0.13621934 0.13621934 0.13621934 0.13621934 0.13621934 0.13621934
 0.13621934 0.13621934 0.13621934 0.13621934 0.13621934 0.13621934
 0.13621934 0.13621934 0.13621934 0.13621934 0.13621934 0.13621934
 0.13621934 0.13621934]",2
10,bLRRIME-KNN,knn,PulmonaryHypertension,v1,0.13722943722943728,1.6498095989227295,0.8571428571428571,0.1428571428571429,1.0,1.0,0.6666666666666666,0.8,0.8888888888888888,0.7302967433402214,0.7083333333333334,"[[4,2],
 [0,8]]","[4, 2, 0, 8]","(2, 2)",3,"[0 0 0 0 0 0 0 0 0 0 0 0 0 0 0 0 0 0 1 0 0 0 0 0 0 0 0 0 0 0 0 0 0 0 0 0 0
 0 0 0 0 0 0 0 0 0 0 0 0 0 0 0 0 0 0 0 0 0 0 0 0 1 0 0 0 0 0 0 0 0 0 0 0 0
 0 0 0 0 0 0 0 0 0 0 0 0 0 0 0 0 0 0 0 1 0 0 0 0 0]","[0.28910534 0.28506494 0.28506494 0.27950938 0.21064214 0.20660173
 0.14126984 0.14126984 0.14126984 0.14126984 0.14025974 0.13773449
 0.13773449 0.13722944 0.13722944 0.13722944 0.13722944 0.13722944
 0.13722944 0.13722944 0.13722944 0.13722944 0.13722944 0.13722944
 0.13722944 0.13722944 0.13722944 0.13722944 0.13722944 0.13722944
 0.13722944 0.13722944 0.13722944 0.13722944 0.13722944 0.13722944
 0.13722944 0.13722944 0.13722944 0.13722944 0.13722944 0.13722944
 0.13722944 0.13722944 0.13722944 0.13722944 0.13722944 0.13722944
 0.13722944 0.13722944]",2
1,bLRRIME-KNN,knn,PulmonaryHypertension,v1,0.06484848484848482,1.7076952457427979,0.9333333333333333,0.06666666666666665,1.0,1.0,0.8571428571428571,0.8888888888888888,0.9411764705882353,0.8728715609439694,0.9196428571428571,"[[6,1],
 [0,8]]","[6, 1, 0, 8]","(2, 2)",3,"[0 0 0 0 0 0 0 0 0 0 0 0 0 1 0 0 0 0 0 0 0 0 0 0 0 0 0 0 0 0 0 0 0 0 0 0 0
 0 0 0 0 0 0 0 1 0 0 0 0 0 0 0 0 0 0 0 0 0 0 0 0 0 0 0 0 0 0 0 0 0 0 0 1 0
 0 0 0 0 0 0 0 0 0 0 0 0 0 0 0 0 0 0 0 0 0 0 0 0 0]","[0.20969697 0.20666667 0.19707071 0.19353535 0.13171717 0.13171717
 0.13171717 0.13020202 0.13020202 0.12767677 0.06737374 0.06737374
 0.06737374 0.06737374 0.06737374 0.06585859 0.06585859 0.06585859
 0.06585859 0.06535354 0.06484848 0.06484848 0.06484848 0.06484848
 0.06484848 0.06484848 0.06484848 0.06484848 0.06484848 0.06484848
 0.06484848 0.06484848 0.06484848 0.06484848 0.06484848 0.06484848
 0.06484848 0.06484848 0.06484848 0.06484848 0.06484848 0.06484848
 0.06484848 0.06484848 0.06484848 0.06484848 0.06484848 0.06484848
 0.06484848 0.06484848]",3
2,bLRRIME-KNN,knn,PulmonaryHypertension,v1,0.06886724386724384,1.6392967700958252,0.9285714285714286,0.0714285714285714,0.8571428571428571,0.8571428571428571,1.0,1.0,0.9230769230769231,0.8660254037844387,0.9591836734693878,"[[7,0],
 [1,6]]","[7, 0, 1, 6]","(2, 2)",2,"[0 0 0 0 0 0 0 0 0 0 0 0 0 0 0 0 0 0 0 0 0 0 0 0 0 0 0 0 0 0 0 0 0 0 0 0 0
 0 0 0 0 0 0 0 0 0 0 0 0 0 0 0 0 0 0 0 0 0 0 0 0 0 0 0 0 0 0 0 0 0 0 0 0 0
 0 0 0 0 0 0 0 0 0 0 0 0 0 0 0 0 0 0 0 0 1 0 0 0 1]","[0.2242785  0.08553391 0.08553391 0.08553391 0.07896825 0.076443
 0.07189755 0.07189755 0.0713925  0.0713925  0.07088745 0.07088745
 0.0703824  0.06987734 0.06987734 0.06886724 0.06886724 0.06886724
 0.06886724 0.06886724 0.06886724 0.06886724 0.06886724 0.06886724
 0.06886724 0.06886724 0.06886724 0.06886724 0.06886724 0.06886724
 0.06886724 0.06886724 0.06886724 0.06886724 0.06886724 0.06886724
 0.06886724 0.06886724 0.06886724 0.06886724 0.06886724 0.06886724
 0.06886724 0.06886724 0.06886724 0.06886724 0.06886724 0.06886724
 0.06886724 0.06886724]",3
3,bLRRIME-KNN,knn,PulmonaryHypertension,v1,0.0010101010101010112,1.5772700309753418,1.0,0.0,1.0,1.0,1.0,1.0,1.0,1.0,1.0,"[[7,0],
 [0,7]]","[7, 0, 0, 7]","(2, 2)",2,"[0 0 0 0 0 1 0 0 0 0 0 0 0 0 0 0 0 0 0 0 0 0 0 0 0 0 0 0 0 0 0 0 0 0 0 0 0
 0 0 0 0 0 0 0 0 0 0 0 0 0 0 0 0 0 0 0 0 0 0 0 0 0 0 0 0 0 0 0 0 0 0 0 0 0
 0 0 0 0 0 0 0 0 0 0 0 0 0 0 0 0 0 0 0 1 0 0 0 0 0]","[0.22276335 0.1538961  0.14733045 0.14733045 0.14733045 0.14480519
 0.14430014 0.14076479 0.14076479 0.07189755 0.07189755 0.0030303
 0.0030303  0.0010101  0.0010101  0.0010101  0.0010101  0.0010101
 0.0010101  0.0010101  0.0010101  0.0010101  0.0010101  0.0010101
 0.0010101  0.0010101  0.0010101  0.0010101  0.0010101  0.0010101
 0.0010101  0.0010101  0.0010101  0.0010101  0.0010101  0.0010101
 0.0010101  0.0010101  0.0010101  0.0010101  0.0010101  0.0010101
 0.0010101  0.0010101  0.0010101  0.0010101  0.0010101  0.0010101
 0.0010101  0.0010101 ]",3
4,bLRRIME-KNN,knn,PulmonaryHypertension,v1,0.0015151515151515165,1.7173619270324707,1.0,0.0,1.0,1.0,1.0,1.0,1.0,1.0,1.0,"[[7,0],
 [0,7]]","[7, 0, 0, 7]","(2, 2)",3,"[0 0 0 0 0 0 0 0 0 0 0 0 0 0 0 0 0 0 0 0 0 0 0 0 0 0 0 0 0 0 0 0 1 0 0 0 0
 0 0 0 0 0 0 0 0 0 0 0 0 0 0 0 0 0 0 0 0 0 0 0 0 0 0 0 0 0 0 0 0 0 0 0 0 0
 1 0 0 0 0 0 0 0 0 0 0 0 0 0 0 0 0 0 0 0 0 1 0 0 0]","[0.09007937 0.08452381 0.08199856 0.07492785 0.07492785 0.0734127
 0.07290765 0.0724026  0.06886724 0.06886724 0.06886724 0.06836219
 0.06836219 0.06836219 0.06836219 0.00151515 0.00151515 0.00151515
 0.00151515 0.00151515 0.00151515 0.00151515 0.00151515 0.00151515
 0.00151515 0.00151515 0.00151515 0.00151515 0.00151515 0.00151515
 0.00151515 0.00151515 0.00151515 0.00151515 0.00151515 0.00151515
 0.00151515 0.00151515 0.00151515 0.00151515 0.00151515 0.00151515
 0.00151515 0.00151515 0.00151515 0.00151515 0.00151515 0.00151515
 0.00151515 0.00151515]",3
5,bLRRIME-KNN,knn,PulmonaryHypertension,v1,0.06987734487734484,1.815004587173462,0.9285714285714286,0.0714285714285714,0.8571428571428571,0.8571428571428571,1.0,1.0,0.9230769230769231,0.8660254037844387,0.9081632653061223,"[[7,0],
 [1,6]]","[7, 0, 1, 6]","(2, 2)",4,"[0 0 0 0 0 0 0 0 0 0 0 0 0 0 0 0 0 0 0 0 0 0 0 0 0 0 0 0 0 0 0 0 0 0 0 0 0
 0 0 0 0 0 0 0 0 0 0 0 0 0 0 0 0 0 0 0 0 0 0 0 0 0 0 0 0 0 1 0 0 0 0 0 0 0
 1 0 0 0 0 0 0 0 0 0 0 0 0 0 0 0 0 0 0 0 1 1 0 0 0]","[0.22680375 0.21922799 0.20862193 0.14227994 0.14227994 0.14177489
 0.13924964 0.13874459 0.13874459 0.13874459 0.13823954 0.0703824
 0.0703824  0.0703824  0.0703824  0.0703824  0.0703824  0.06987734
 0.06987734 0.06987734 0.06987734 0.06987734 0.06987734 0.06987734
 0.06987734 0.06987734 0.06987734 0.06987734 0.06987734 0.06987734
 0.06987734 0.06987734 0.06987734 0.06987734 0.06987734 0.06987734
 0.06987734 0.06987734 0.06987734 0.06987734 0.06987734 0.06987734
 0.06987734 0.06987734 0.06987734 0.06987734 0.06987734 0.06987734
 0.06987734 0.06987734]",3
6,bLRRIME-KNN,knn,PulmonaryHypertension,v1,0.003030303030303033,1.8300390243530273,1.0,0.0,1.0,1.0,1.0,1.0,1.0,1.0,1.0,"[[7,0],
 [0,7]]","[7, 0, 0, 7]","(2, 2)",6,"[0 0 0 0 0 0 0 0 0 0 0 0 1 0 0 0 0 0 0 0 0 0 0 0 0 0 0 0 0 1 0 0 0 1 0 0 0
 0 0 0 0 0 0 0 0 0 0 1 0 0 0 0 0 0 0 0 0 0 0 0 0 0 0 0 0 0 0 1 0 0 0 0 0 0
 0 0 0 0 0 0 0 0 0 0 0 0 0 0 0 0 0 0 0 0 0 0 0 1 0]","[0.08957431 0.08199856 0.01767677 0.01767677 0.01767677 0.01010101
 0.01010101 0.01010101 0.00959596 0.00959596 0.00959596 0.00858586
 0.00858586 0.00858586 0.00858586 0.00606061 0.00606061 0.00555556
 0.00555556 0.00353535 0.0030303  0.0030303  0.0030303  0.0030303
 0.0030303  0.0030303  0.0030303  0.0030303  0.0030303  0.0030303
 0.0030303  0.0030303  0.0030303  0.0030303  0.0030303  0.0030303
 0.0030303  0.0030303  0.0030303  0.0030303  0.0030303  0.0030303
 0.0030303  0.0030303  0.0030303  0.0030303  0.0030303  0.0030303
 0.0030303  0.0030303 ]",3
7,bLRRIME-KNN,knn,PulmonaryHypertension,v1,0.07088744588744586,1.8077239990234375,0.9285714285714286,0.0714285714285714,1.0,1.0,0.8571428571428571,0.875,0.9333333333333333,0.8660254037844387,0.9183673469387754,"[[6,1],
 [0,7]]","[6, 1, 0, 7]","(2, 2)",6,"[0 0 0 0 0 0 0 0 0 0 0 0 0 0 0 0 0 0 0 0 0 1 0 0 0 0 0 0 0 0 1 0 1 0 0 0 0
 0 0 0 0 0 0 0 0 0 0 0 0 0 0 1 0 0 0 0 0 0 0 0 0 0 0 0 0 0 1 0 0 0 0 0 0 0
 0 0 0 0 0 0 0 0 0 0 0 0 0 1 0 0 0 0 0 0 0 0 0 0 0]","[0.152886   0.15036075 0.14076479 0.13924964 0.13924964 0.08149351
 0.08149351 0.08149351 0.08149351 0.08149351 0.08149351 0.08149351
 0.08149351 0.0784632  0.0784632  0.0784632  0.0784632  0.0784632
 0.0784632  0.0784632  0.0784632  0.0784632  0.0784632  0.0784632
 0.0784632  0.07694805 0.07694805 0.0734127  0.0734127  0.0734127
 0.0734127  0.0734127  0.0734127  0.0724026  0.0724026  0.07189755
 0.07088745 0.07088745 0.07088745 0.07088745 0.07088745 0.07088745
 0.07088745 0.07088745 0.07088745 0.07088745 0.07088745 0.07088745
 0.07088745 0.07088745]",3
8,bLRRIME-KNN,knn,PulmonaryHypertension,v1,0.06937229437229434,1.7973732948303223,0.9285714285714286,0.0714285714285714,1.0,1.0,0.8571428571428571,0.875,0.9333333333333333,0.8660254037844387,0.9489795918367346,"[[6,1],
 [0,7]]","[6, 1, 0, 7]","(2, 2)",3,"[0 0 0 0 0 0 0 0 0 0 0 0 0 0 0 0 0 0 0 0 0 0 0 0 0 0 0 0 0 0 0 0 0 0 0 0 0
 0 0 0 1 0 0 1 0 0 0 0 0 0 0 0 0 0 0 0 0 0 0 0 0 0 0 0 0 0 0 1 0 0 0 0 0 0
 0 0 0 0 0 0 0 0 0 0 0 0 0 0 0 0 0 0 0 0 0 0 0 0 0]","[0.08856421 0.08856421 0.08856421 0.08856421 0.08856421 0.07290765
 0.07290765 0.07290765 0.07290765 0.07290765 0.0713925  0.0713925
 0.0703824  0.0703824  0.0703824  0.0703824  0.0703824  0.0703824
 0.06987734 0.06987734 0.06987734 0.06987734 0.06987734 0.06987734
 0.06937229 0.06937229 0.06937229 0.06937229 0.06937229 0.06937229
 0.06937229 0.06937229 0.06937229 0.06937229 0.06937229 0.06937229
 0.06937229 0.06937229 0.06937229 0.06937229 0.06937229 0.06937229
 0.06937229 0.06937229 0.06937229 0.06937229 0.06937229 0.06937229
 0.06937229 0.06937229]",3
9,bLRRIME-KNN,knn,PulmonaryHypertension,v1,0.1377344877344878,1.7633404731750488,0.8571428571428571,0.1428571428571429,1.0,1.0,0.7142857142857143,0.7777777777777778,0.875,0.7453559924999299,0.8367346938775511,"[[5,2],
 [0,7]]","[5, 2, 0, 7]","(2, 2)",4,"[0 0 0 0 0 1 0 0 0 0 0 0 0 0 0 0 0 0 0 0 0 0 0 0 0 0 0 1 0 0 0 0 0 0 0 0 0
 0 0 1 0 0 0 0 1 0 0 0 0 0 0 0 0 0 0 0 0 0 0 0 0 0 0 0 0 0 0 0 0 0 0 0 0 0
 0 0 0 0 0 0 0 0 0 0 0 0 0 0 0 0 0 0 0 0 0 0 0 0 0]","[0.36150794 0.35544733 0.35241703 0.27900433 0.27698413 0.27344877
 0.20862193 0.20559163 0.20559163 0.20559163 0.13823954 0.13823954
 0.13823954 0.13823954 0.13823954 0.13823954 0.13823954 0.13823954
 0.13773449 0.13773449 0.13773449 0.13773449 0.13773449 0.13773449
 0.13773449 0.13773449 0.13773449 0.13773449 0.13773449 0.13773449
 0.13773449 0.13773449 0.13773449 0.13773449 0.13773449 0.13773449
 0.13773449 0.13773449 0.13773449 0.13773449 0.13773449 0.13773449
 0.13773449 0.13773449 0.13773449 0.13773449 0.13773449 0.13773449
 0.13773449 0.13773449]",3
10,bLRRIME-KNN,knn,PulmonaryHypertension,v1,0.06886724386724384,1.5086886882781982,0.9285714285714286,0.0714285714285714,0.875,0.875,1.0,1.0,0.9333333333333333,0.8660254037844387,0.9791666666666666,"[[6,0],
 [1,7]]","[6, 0, 1, 7]","(2, 2)",2,"[0 0 0 0 0 0 0 0 0 0 0 0 0 0 0 0 0 0 0 0 0 0 0 0 0 0 0 0 0 0 0 0 0 0 0 0 0
 1 0 0 0 0 0 0 0 0 0 0 0 1 0 0 0 0 0 0 0 0 0 0 0 0 0 0 0 0 0 0 0 0 0 0 0 0
 0 0 0 0 0 0 0 0 0 0 0 0 0 0 0 0 0 0 0 0 0 0 0 0 0]","[0.22882395 0.22882395 0.21215729 0.21064214 0.14177489 0.14177489
 0.14076479 0.14076479 0.14076479 0.13672439 0.13672439 0.13672439
 0.13672439 0.13672439 0.13672439 0.13672439 0.13672439 0.13672439
 0.06937229 0.06937229 0.06937229 0.06937229 0.06937229 0.06886724
 0.06886724 0.06886724 0.06886724 0.06886724 0.06886724 0.06886724
 0.06886724 0.06886724 0.06886724 0.06886724 0.06886724 0.06886724
 0.06886724 0.06886724 0.06886724 0.06886724 0.06886724 0.06886724
 0.06886724 0.06886724 0.06886724 0.06886724 0.06886724 0.06886724
 0.06886724 0.06886724]",3
1,bLRRIME-KNN,knn,PulmonaryHypertension,v1,0.06535353535353533,1.8472318649291992,0.9333333333333333,0.06666666666666665,0.875,0.875,1.0,1.0,0.9333333333333333,0.875,0.8928571428571428,"[[7,0],
 [1,7]]","[7, 0, 1, 7]","(2, 2)",4,"[0 0 0 0 0 0 0 0 0 0 0 0 0 0 0 0 0 0 0 0 0 0 0 0 0 0 0 0 0 0 1 0 0 0 1 0 0
 0 0 0 0 0 0 0 0 0 0 0 0 0 0 0 0 0 1 0 0 0 0 0 0 0 0 0 0 0 0 0 0 0 0 0 0 0
 0 0 0 0 0 0 0 0 0 0 0 0 0 0 0 0 1 0 0 0 0 0 0 0 0]","[0.14737374 0.14333333 0.13272727 0.13272727 0.06686869 0.06535354
 0.06535354 0.06535354 0.06535354 0.06535354 0.06535354 0.06535354
 0.06535354 0.06535354 0.06535354 0.06535354 0.06535354 0.06535354
 0.06535354 0.06535354 0.06535354 0.06535354 0.06535354 0.06535354
 0.06535354 0.06535354 0.06535354 0.06535354 0.06535354 0.06535354
 0.06535354 0.06535354 0.06535354 0.06535354 0.06535354 0.06535354
 0.06535354 0.06535354 0.06535354 0.06535354 0.06535354 0.06535354
 0.06535354 0.06535354 0.06535354 0.06535354 0.06535354 0.06535354
 0.06535354 0.06535354]",4
2,bLRRIME-KNN,knn,PulmonaryHypertension,v1,0.0020202020202020224,1.8438904285430908,1.0,0.0,1.0,1.0,1.0,1.0,1.0,1.0,1.0,"[[7,0],
 [0,7]]","[7, 0, 0, 7]","(2, 2)",4,"[0 0 0 0 0 0 0 0 0 0 0 0 0 0 0 0 0 0 1 0 0 0 0 1 0 0 0 0 0 0 0 0 0 0 0 0 0
 0 0 1 0 0 0 0 0 0 0 0 0 0 0 0 0 0 0 0 0 0 1 0 0 0 0 0 0 0 0 0 0 0 0 0 0 0
 0 0 0 0 0 0 0 0 0 0 0 0 0 0 0 0 0 0 0 0 0 0 0 0 0]","[0.15743146 0.08805916 0.07997835 0.07997835 0.0794733  0.0794733
 0.0744228  0.07391775 0.07290765 0.00252525 0.00252525 0.00252525
 0.00252525 0.00252525 0.00252525 0.00252525 0.00252525 0.00252525
 0.0020202  0.0020202  0.0020202  0.0020202  0.0020202  0.0020202
 0.0020202  0.0020202  0.0020202  0.0020202  0.0020202  0.0020202
 0.0020202  0.0020202  0.0020202  0.0020202  0.0020202  0.0020202
 0.0020202  0.0020202  0.0020202  0.0020202  0.0020202  0.0020202
 0.0020202  0.0020202  0.0020202  0.0020202  0.0020202  0.0020202
 0.0020202  0.0020202 ]",4
3,bLRRIME-KNN,knn,PulmonaryHypertension,v1,0.13672438672438678,1.6850817203521729,0.8571428571428571,0.1428571428571429,0.8571428571428571,0.8571428571428571,0.8571428571428571,0.8571428571428571,0.8571428571428571,0.7142857142857143,0.9285714285714286,"[[6,1],
 [1,6]]","[6, 1, 1, 6]","(2, 2)",2,"[0 0 0 0 0 0 0 0 0 0 0 0 0 0 0 0 0 0 0 0 0 0 0 0 0 0 0 0 0 0 0 0 0 0 0 0 0
 0 0 0 0 0 0 0 0 0 0 0 0 0 0 0 0 0 0 0 0 0 0 0 0 0 0 0 0 0 0 0 0 0 0 0 0 0
 0 0 0 0 0 0 0 0 0 0 0 0 0 0 1 1 0 0 0 0 0 0 0 0 0]","[0.29112554 0.28253968 0.28203463 0.21266234 0.20963203 0.20912698
 0.20912698 0.20710678 0.20660173 0.20508658 0.20508658 0.13672439
 0.13672439 0.13672439 0.13672439 0.13672439 0.13672439 0.13672439
 0.13672439 0.13672439 0.13672439 0.13672439 0.13672439 0.13672439
 0.13672439 0.13672439 0.13672439 0.13672439 0.13672439 0.13672439
 0.13672439 0.13672439 0.13672439 0.13672439 0.13672439 0.13672439
 0.13672439 0.13672439 0.13672439 0.13672439 0.13672439 0.13672439
 0.13672439 0.13672439 0.13672439 0.13672439 0.13672439 0.13672439
 0.13672439 0.13672439]",4
4,bLRRIME-KNN,knn,PulmonaryHypertension,v1,0.0015151515151515165,1.7445142269134521,1.0,0.0,1.0,1.0,1.0,1.0,1.0,1.0,1.0,"[[7,0],
 [0,7]]","[7, 0, 0, 7]","(2, 2)",3,"[0 0 0 0 0 0 0 0 0 0 0 0 0 0 0 0 0 0 0 0 0 0 0 0 0 0 0 0 0 1 0 0 0 0 0 0 0
 0 0 0 0 0 0 0 0 0 0 0 0 0 0 0 0 0 0 0 1 0 0 0 0 0 0 0 0 0 0 0 0 0 0 0 1 0
 0 0 0 0 0 0 0 0 0 0 0 0 0 0 0 0 0 0 0 0 0 0 0 0 0]","[0.08906926 0.08906926 0.08704906 0.07694805 0.07694805 0.0734127
 0.07290765 0.00252525 0.00252525 0.0020202  0.0020202  0.0020202
 0.0020202  0.00151515 0.00151515 0.00151515 0.00151515 0.00151515
 0.00151515 0.00151515 0.00151515 0.00151515 0.00151515 0.00151515
 0.00151515 0.00151515 0.00151515 0.00151515 0.00151515 0.00151515
 0.00151515 0.00151515 0.00151515 0.00151515 0.00151515 0.00151515
 0.00151515 0.00151515 0.00151515 0.00151515 0.00151515 0.00151515
 0.00151515 0.00151515 0.00151515 0.00151515 0.00151515 0.00151515
 0.00151515 0.00151515]",4
5,bLRRIME-KNN,knn,PulmonaryHypertension,v1,0.0015151515151515165,1.5694537162780762,1.0,0.0,1.0,1.0,1.0,1.0,1.0,1.0,1.0,"[[7,0],
 [0,7]]","[7, 0, 0, 7]","(2, 2)",3,"[0 0 0 0 0 0 0 1 0 0 1 0 0 0 0 0 0 0 0 0 0 0 0 0 0 0 0 0 0 0 0 0 0 0 0 0 0
 0 0 0 1 0 0 0 0 0 0 0 0 0 0 0 0 0 0 0 0 0 0 0 0 0 0 0 0 0 0 0 0 0 0 0 0 0
 0 0 0 0 0 0 0 0 0 0 0 0 0 0 0 0 0 0 0 0 0 0 0 0 0]","[0.15743146 0.14733045 0.08250361 0.0754329  0.07391775 0.00505051
 0.00353535 0.00353535 0.0030303  0.0030303  0.0030303  0.0030303
 0.00252525 0.00252525 0.00252525 0.00252525 0.00252525 0.00151515
 0.00151515 0.00151515 0.00151515 0.00151515 0.00151515 0.00151515
 0.00151515 0.00151515 0.00151515 0.00151515 0.00151515 0.00151515
 0.00151515 0.00151515 0.00151515 0.00151515 0.00151515 0.00151515
 0.00151515 0.00151515 0.00151515 0.00151515 0.00151515 0.00151515
 0.00151515 0.00151515 0.00151515 0.00151515 0.00151515 0.00151515
 0.00151515 0.00151515]",4
6,bLRRIME-KNN,knn,PulmonaryHypertension,v1,0.0015151515151515165,1.790764331817627,1.0,0.0,1.0,1.0,1.0,1.0,1.0,1.0,1.0,"[[7,0],
 [0,7]]","[7, 0, 0, 7]","(2, 2)",3,"[0 0 0 0 0 0 0 0 0 0 0 0 0 0 0 0 0 0 0 0 0 0 0 0 0 1 0 0 0 0 0 0 0 0 0 0 0
 0 0 0 0 0 0 0 0 0 0 0 0 0 0 0 0 0 1 0 0 0 0 0 0 0 0 0 0 0 0 0 0 0 0 0 0 0
 0 0 0 0 0 0 0 0 0 0 0 0 0 0 0 0 0 0 0 1 0 0 0 0 0]","[0.02777778 0.01565657 0.01161616 0.01161616 0.01161616 0.00959596
 0.00656566 0.00454545 0.00454545 0.00454545 0.00353535 0.00353535
 0.00353535 0.0030303  0.00252525 0.00252525 0.0020202  0.00151515
 0.00151515 0.00151515 0.00151515 0.00151515 0.00151515 0.00151515
 0.00151515 0.00151515 0.00151515 0.00151515 0.00151515 0.00151515
 0.00151515 0.00151515 0.00151515 0.00151515 0.00151515 0.00151515
 0.00151515 0.00151515 0.00151515 0.00151515 0.00151515 0.00151515
 0.00151515 0.00151515 0.00151515 0.00151515 0.00151515 0.00151515
 0.00151515 0.00151515]",4
7,bLRRIME-KNN,knn,PulmonaryHypertension,v1,0.06836219336219333,1.5472238063812256,0.9285714285714286,0.0714285714285714,1.0,1.0,0.8571428571428571,0.875,0.9333333333333333,0.8660254037844387,0.9591836734693878,"[[6,1],
 [0,7]]","[6, 1, 0, 7]","(2, 2)",1,"[0 0 0 0 0 1 0 0 0 0 0 0 0 0 0 0 0 0 0 0 0 0 0 0 0 0 0 0 0 0 0 0 0 0 0 0 0
 0 0 0 0 0 0 0 0 0 0 0 0 0 0 0 0 0 0 0 0 0 0 0 0 0 0 0 0 0 0 0 0 0 0 0 0 0
 0 0 0 0 0 0 0 0 0 0 0 0 0 0 0 0 0 0 0 0 0 0 0 0 0]","[0.42532468 0.34837662 0.34837662 0.27849928 0.27849928 0.20660173
 0.20508658 0.20508658 0.06836219 0.06836219 0.06836219 0.06836219
 0.06836219 0.06836219 0.06836219 0.06836219 0.06836219 0.06836219
 0.06836219 0.06836219 0.06836219 0.06836219 0.06836219 0.06836219
 0.06836219 0.06836219 0.06836219 0.06836219 0.06836219 0.06836219
 0.06836219 0.06836219 0.06836219 0.06836219 0.06836219 0.06836219
 0.06836219 0.06836219 0.06836219 0.06836219 0.06836219 0.06836219
 0.06836219 0.06836219 0.06836219 0.06836219 0.06836219 0.06836219
 0.06836219 0.06836219]",4
8,bLRRIME-KNN,knn,PulmonaryHypertension,v1,0.07038239538239535,1.6264114379882812,0.9285714285714286,0.0714285714285714,1.0,1.0,0.8571428571428571,0.875,0.9333333333333333,0.8660254037844387,0.8571428571428571,"[[6,1],
 [0,7]]","[6, 1, 0, 7]","(2, 2)",5,"[0 0 0 0 0 0 0 0 0 0 0 0 0 0 0 0 0 0 0 0 0 1 0 0 0 0 0 0 0 0 1 0 0 1 0 0 0
 0 0 0 0 0 0 0 0 0 0 0 0 0 0 0 0 0 0 0 0 1 0 0 0 0 0 0 0 0 0 0 0 0 0 0 0 0
 0 0 0 0 0 0 1 0 0 0 0 0 0 0 0 0 0 0 0 0 0 0 0 0 0]","[0.2242785  0.2242785  0.1478355  0.1478355  0.1478355  0.1478355
 0.14480519 0.14227994 0.13924964 0.13672439 0.13621934 0.13621934
 0.13621934 0.13621934 0.13621934 0.13621934 0.13621934 0.13621934
 0.0713925  0.0713925  0.0703824  0.0703824  0.0703824  0.0703824
 0.0703824  0.0703824  0.0703824  0.0703824  0.0703824  0.0703824
 0.0703824  0.0703824  0.0703824  0.0703824  0.0703824  0.0703824
 0.0703824  0.0703824  0.0703824  0.0703824  0.0703824  0.0703824
 0.0703824  0.0703824  0.0703824  0.0703824  0.0703824  0.0703824
 0.0703824  0.0703824 ]",4
9,bLRRIME-KNN,knn,PulmonaryHypertension,v1,0.2055916305916306,1.8896815776824951,0.7857142857142857,0.2142857142857143,0.7142857142857143,0.7142857142857143,0.8571428571428571,0.8333333333333334,0.7692307692307693,0.5773502691896257,0.7142857142857143,"[[6,1],
 [2,5]]","[6, 1, 2, 5]","(2, 2)",4,"[0 0 0 0 0 0 0 0 0 0 0 0 0 0 1 0 0 0 0 0 0 0 0 0 0 1 0 0 0 0 0 0 0 0 0 0 0
 0 0 0 0 0 0 0 1 0 0 0 0 0 0 0 0 0 0 0 0 0 0 1 0 0 0 0 0 0 0 0 0 0 0 0 0 0
 0 0 0 0 0 0 0 0 0 0 0 0 0 0 0 0 0 0 0 0 0 0 0 0 0]","[0.29213564 0.28607504 0.28001443 0.28001443 0.28001443 0.27748918
 0.27748918 0.27395382 0.27395382 0.27395382 0.27395382 0.27395382
 0.20559163 0.20559163 0.20559163 0.20559163 0.20559163 0.20559163
 0.20559163 0.20559163 0.20559163 0.20559163 0.20559163 0.20559163
 0.20559163 0.20559163 0.20559163 0.20559163 0.20559163 0.20559163
 0.20559163 0.20559163 0.20559163 0.20559163 0.20559163 0.20559163
 0.20559163 0.20559163 0.20559163 0.20559163 0.20559163 0.20559163
 0.20559163 0.20559163 0.20559163 0.20559163 0.20559163 0.20559163
 0.20559163 0.20559163]",4
10,bLRRIME-KNN,knn,PulmonaryHypertension,v1,0.06937229437229434,1.4838411808013916,0.9285714285714286,0.0714285714285714,1.0,1.0,0.8333333333333334,0.8888888888888888,0.9411764705882353,0.8606629658238705,0.9583333333333334,"[[5,1],
 [0,8]]","[5, 1, 0, 8]","(2, 2)",3,"[0 0 0 0 0 0 0 0 0 0 0 0 0 0 0 0 0 0 0 0 0 0 0 0 0 0 0 0 0 0 0 0 0 0 0 0 0
 0 0 0 0 0 0 0 0 0 0 0 0 0 0 0 0 0 0 0 0 0 0 0 0 0 0 0 0 0 0 0 0 0 0 0 0 0
 0 0 0 1 0 0 0 0 0 0 0 0 0 0 0 0 0 0 0 1 0 1 0 0 0]","[0.29365079 0.21771284 0.21569264 0.21215729 0.20761183 0.13823954
 0.13823954 0.06937229 0.06937229 0.06937229 0.06937229 0.06937229
 0.06937229 0.06937229 0.06937229 0.06937229 0.06937229 0.06937229
 0.06937229 0.06937229 0.06937229 0.06937229 0.06937229 0.06937229
 0.06937229 0.06937229 0.06937229 0.06937229 0.06937229 0.06937229
 0.06937229 0.06937229 0.06937229 0.06937229 0.06937229 0.06937229
 0.06937229 0.06937229 0.06937229 0.06937229 0.06937229 0.06937229
 0.06937229 0.06937229 0.06937229 0.06937229 0.06937229 0.06937229
 0.06937229 0.06937229]",4
1,bLRRIME-KNN,knn,PulmonaryHypertension,v1,0.0025252525252525276,1.7000081539154053,1.0,0.0,1.0,1.0,1.0,1.0,1.0,1.0,1.0,"[[7,0],
 [0,8]]","[7, 0, 0, 8]","(2, 2)",5,"[0 0 0 0 0 0 0 0 0 0 0 0 0 0 0 0 0 0 0 0 0 0 0 0 0 0 0 0 0 1 0 0 0 1 0 0 0
 0 0 0 0 0 0 0 0 0 0 0 0 0 0 0 0 0 0 0 0 0 0 0 0 0 0 0 0 0 0 0 0 1 0 0 1 0
 0 0 0 1 0 0 0 0 0 0 0 0 0 0 0 0 0 0 0 0 0 0 0 0 0]","[0.02777778 0.01161616 0.01161616 0.00555556 0.00555556 0.00555556
 0.0040404  0.00353535 0.00353535 0.0030303  0.0030303  0.00252525
 0.00252525 0.00252525 0.00252525 0.00252525 0.00252525 0.00252525
 0.00252525 0.00252525 0.00252525 0.00252525 0.00252525 0.00252525
 0.00252525 0.00252525 0.00252525 0.00252525 0.00252525 0.00252525
 0.00252525 0.00252525 0.00252525 0.00252525 0.00252525 0.00252525
 0.00252525 0.00252525 0.00252525 0.00252525 0.00252525 0.00252525
 0.00252525 0.00252525 0.00252525 0.00252525 0.00252525 0.00252525
 0.00252525 0.00252525]",5
2,bLRRIME-KNN,knn,PulmonaryHypertension,v1,0.06836219336219333,1.554140567779541,0.9285714285714286,0.0714285714285714,0.8571428571428571,0.8571428571428571,1.0,1.0,0.9230769230769231,0.8660254037844387,0.8979591836734694,"[[7,0],
 [1,6]]","[7, 0, 1, 6]","(2, 2)",1,"[0 0 0 0 0 0 0 0 0 0 0 0 0 0 0 0 0 0 0 0 0 0 0 0 0 0 0 0 0 0 0 0 0 0 0 0 0
 0 0 0 0 0 0 0 0 0 0 0 0 0 0 0 0 0 0 0 0 0 0 0 0 0 0 0 0 0 0 0 0 0 0 0 0 0
 0 0 0 0 0 0 0 0 0 0 0 0 0 0 0 0 1 0 0 0 0 0 0 0 0]","[0.08805916 0.0794733  0.0734127  0.0713925  0.0713925  0.0713925
 0.0713925  0.0703824  0.0703824  0.0703824  0.0703824  0.06987734
 0.06937229 0.06937229 0.06937229 0.06937229 0.06937229 0.06937229
 0.06937229 0.06937229 0.06937229 0.06937229 0.06937229 0.06937229
 0.06937229 0.06937229 0.06937229 0.06937229 0.06886724 0.06836219
 0.06836219 0.06836219 0.06836219 0.06836219 0.06836219 0.06836219
 0.06836219 0.06836219 0.06836219 0.06836219 0.06836219 0.06836219
 0.06836219 0.06836219 0.06836219 0.06836219 0.06836219 0.06836219
 0.06836219 0.06836219]",5
3,bLRRIME-KNN,knn,PulmonaryHypertension,v1,0.0010101010101010112,1.5916714668273926,1.0,0.0,1.0,1.0,1.0,1.0,1.0,1.0,1.0,"[[7,0],
 [0,7]]","[7, 0, 0, 7]","(2, 2)",2,"[0 0 0 0 0 0 0 0 0 0 0 0 0 0 0 0 0 0 0 0 0 0 0 0 0 0 1 0 0 0 0 0 0 0 0 0 1
 0 0 0 0 0 0 0 0 0 0 0 0 0 0 0 0 0 0 0 0 0 0 0 0 0 0 0 0 0 0 0 0 0 0 0 0 0
 0 0 0 0 0 0 0 0 0 0 0 0 0 0 0 0 0 0 0 0 0 0 0 0 0]","[0.16046176 0.08553391 0.08452381 0.08300866 0.07290765 0.07189755
 0.0713925  0.0713925  0.0010101  0.0010101  0.0010101  0.0010101
 0.0010101  0.0010101  0.0010101  0.0010101  0.0010101  0.0010101
 0.0010101  0.0010101  0.0010101  0.0010101  0.0010101  0.0010101
 0.0010101  0.0010101  0.0010101  0.0010101  0.0010101  0.0010101
 0.0010101  0.0010101  0.0010101  0.0010101  0.0010101  0.0010101
 0.0010101  0.0010101  0.0010101  0.0010101  0.0010101  0.0010101
 0.0010101  0.0010101  0.0010101  0.0010101  0.0010101  0.0010101
 0.0010101  0.0010101 ]",5
4,bLRRIME-KNN,knn,PulmonaryHypertension,v1,0.06886724386724384,1.7145447731018066,0.9285714285714286,0.0714285714285714,1.0,1.0,0.8571428571428571,0.875,0.9333333333333333,0.8660254037844387,0.9591836734693877,"[[6,1],
 [0,7]]","[6, 1, 0, 7]","(2, 2)",2,"[0 1 0 0 0 0 0 0 0 0 0 0 0 0 0 0 0 0 0 0 0 0 0 0 0 0 0 0 0 0 0 0 0 0 0 0 0
 0 0 0 0 0 0 0 0 0 0 0 0 0 0 0 0 0 0 0 0 0 0 0 0 0 0 0 0 0 0 0 0 0 0 0 0 0
 0 0 0 0 0 0 0 0 0 0 0 0 1 0 0 0 0 0 0 0 0 0 0 0 0]","[0.1538961  0.14632035 0.13924964 0.13924964 0.13924964 0.07088745
 0.07088745 0.06886724 0.06886724 0.06886724 0.06886724 0.06886724
 0.06886724 0.06886724 0.06886724 0.06886724 0.06886724 0.06886724
 0.06886724 0.06886724 0.06886724 0.06886724 0.06886724 0.06886724
 0.06886724 0.06886724 0.06886724 0.06886724 0.06886724 0.06886724
 0.06886724 0.06886724 0.06886724 0.06886724 0.06886724 0.06886724
 0.06886724 0.06886724 0.06886724 0.06886724 0.06886724 0.06886724
 0.06886724 0.06886724 0.06886724 0.06886724 0.06886724 0.06886724
 0.06886724 0.06886724]",5
5,bLRRIME-KNN,knn,PulmonaryHypertension,v1,0.06937229437229434,1.6692924499511719,0.9285714285714286,0.0714285714285714,1.0,1.0,0.8571428571428571,0.875,0.9333333333333333,0.8660254037844387,0.8673469387755103,"[[6,1],
 [0,7]]","[6, 1, 0, 7]","(2, 2)",3,"[0 0 0 0 0 0 0 0 0 0 0 0 0 0 0 0 0 0 0 0 0 0 0 0 0 0 0 0 0 0 0 0 0 0 1 0 0
 0 0 0 0 0 0 0 0 0 0 0 0 0 0 0 0 0 0 0 0 0 0 0 0 0 0 0 0 0 0 0 0 0 0 0 0 0
 0 0 0 0 1 0 0 0 0 0 1 0 0 0 0 0 0 0 0 0 0 0 0 0 0]","[0.29163059 0.28253968 0.20761183 0.20761183 0.20761183 0.20761183
 0.20710678 0.20710678 0.20710678 0.13874459 0.13874459 0.13874459
 0.13874459 0.06937229 0.06937229 0.06937229 0.06937229 0.06937229
 0.06937229 0.06937229 0.06937229 0.06937229 0.06937229 0.06937229
 0.06937229 0.06937229 0.06937229 0.06937229 0.06937229 0.06937229
 0.06937229 0.06937229 0.06937229 0.06937229 0.06937229 0.06937229
 0.06937229 0.06937229 0.06937229 0.06937229 0.06937229 0.06937229
 0.06937229 0.06937229 0.06937229 0.06937229 0.06937229 0.06937229
 0.06937229 0.06937229]",5
6,bLRRIME-KNN,knn,PulmonaryHypertension,v1,0.00454545454545455,1.8919134140014648,1.0,0.0,1.0,1.0,1.0,1.0,1.0,1.0,1.0,"[[7,0],
 [0,7]]","[7, 0, 0, 7]","(2, 2)",9,"[0 0 0 0 0 0 0 0 0 0 0 0 0 0 0 1 0 0 1 0 0 0 0 0 0 0 0 0 0 0 0 0 0 0 1 0 0
 0 0 1 0 0 0 0 0 0 0 0 0 0 0 0 0 0 0 0 0 0 0 0 0 0 0 0 0 0 0 0 0 0 0 0 1 0
 0 1 0 0 1 0 0 0 0 0 0 0 0 0 1 0 1 0 0 0 0 0 0 0 0]","[0.08957431 0.08957431 0.01616162 0.00858586 0.00808081 0.00808081
 0.00707071 0.00707071 0.00707071 0.00707071 0.00707071 0.00707071
 0.00707071 0.00707071 0.00707071 0.00707071 0.00707071 0.00707071
 0.00707071 0.00707071 0.00707071 0.00707071 0.00707071 0.00707071
 0.00707071 0.00707071 0.00606061 0.00606061 0.00555556 0.00555556
 0.00555556 0.00505051 0.00505051 0.00505051 0.00505051 0.00454545
 0.00454545 0.00454545 0.00454545 0.00454545 0.00454545 0.00454545
 0.00454545 0.00454545 0.00454545 0.00454545 0.00454545 0.00454545
 0.00454545 0.00454545]",5
7,bLRRIME-KNN,knn,PulmonaryHypertension,v1,0.07088744588744586,1.7915232181549072,0.9285714285714286,0.0714285714285714,1.0,1.0,0.8571428571428571,0.875,0.9333333333333333,0.8660254037844387,0.8571428571428571,"[[6,1],
 [0,7]]","[6, 1, 0, 7]","(2, 2)",6,"[0 0 0 0 0 0 0 0 0 0 0 1 0 0 0 0 1 0 1 0 0 0 0 0 0 0 0 0 0 0 0 0 0 0 0 0 0
 1 0 0 0 0 0 0 0 0 0 0 0 0 0 0 0 0 0 0 0 0 1 0 0 0 0 0 0 0 0 0 1 0 0 0 0 0
 0 0 0 0 0 0 0 0 0 0 0 0 0 0 0 0 0 0 0 0 0 0 0 0 0]","[0.35494228 0.28304473 0.27748918 0.21114719 0.20609668 0.20609668
 0.20609668 0.20609668 0.20609668 0.20609668 0.07088745 0.07088745
 0.07088745 0.07088745 0.07088745 0.07088745 0.07088745 0.07088745
 0.07088745 0.07088745 0.07088745 0.07088745 0.07088745 0.07088745
 0.07088745 0.07088745 0.07088745 0.07088745 0.07088745 0.07088745
 0.07088745 0.07088745 0.07088745 0.07088745 0.07088745 0.07088745
 0.07088745 0.07088745 0.07088745 0.07088745 0.07088745 0.07088745
 0.07088745 0.07088745 0.07088745 0.07088745 0.07088745 0.07088745
 0.07088745 0.07088745]",5
8,bLRRIME-KNN,knn,PulmonaryHypertension,v1,0.13672438672438678,1.509207010269165,0.8571428571428571,0.1428571428571429,0.8571428571428571,0.8571428571428571,0.8571428571428571,0.8571428571428571,0.8571428571428571,0.7142857142857143,0.846938775510204,"[[6,1],
 [1,6]]","[6, 1, 1, 6]","(2, 2)",2,"[0 0 0 0 0 0 0 0 0 0 0 0 0 0 0 0 0 0 0 0 0 1 0 0 0 0 0 0 0 0 0 0 0 0 0 0 0
 0 0 0 0 0 0 0 0 0 0 0 0 0 0 0 0 0 0 0 0 0 0 0 0 0 0 0 0 0 0 0 0 0 0 0 0 0
 0 0 0 0 0 0 0 0 1 0 0 0 0 0 0 0 0 0 0 0 0 0 0 0 0]","[0.36100289 0.34938672 0.20862193 0.20862193 0.14076479 0.14076479
 0.14076479 0.14076479 0.14076479 0.14025974 0.14025974 0.13722944
 0.13722944 0.13722944 0.13672439 0.13672439 0.13672439 0.13672439
 0.13672439 0.13672439 0.13672439 0.13672439 0.13672439 0.13672439
 0.13672439 0.13672439 0.13672439 0.13672439 0.13672439 0.13672439
 0.13672439 0.13672439 0.13672439 0.13672439 0.13672439 0.13672439
 0.13672439 0.13672439 0.13672439 0.13672439 0.13672439 0.13672439
 0.13672439 0.13672439 0.13672439 0.13672439 0.13672439 0.13672439
 0.13672439 0.13672439]",5
9,bLRRIME-KNN,knn,PulmonaryHypertension,v1,0.0010101010101010112,1.755244493484497,1.0,0.0,1.0,1.0,1.0,1.0,1.0,1.0,1.0,"[[7,0],
 [0,7]]","[7, 0, 0, 7]","(2, 2)",2,"[0 0 0 0 0 0 0 0 0 0 0 0 0 0 0 0 0 0 0 0 0 0 0 0 0 0 0 0 0 0 0 0 0 0 0 0 0
 0 0 0 0 0 0 0 0 0 0 0 0 0 0 0 0 0 0 0 0 0 0 0 0 0 0 1 0 0 0 0 0 0 0 0 0 0
 0 0 0 0 0 0 0 0 0 0 0 0 0 0 0 0 1 0 0 0 0 0 0 0 0]","[0.08553391 0.08199856 0.07694805 0.07694805 0.0724026  0.07088745
 0.07088745 0.00606061 0.00606061 0.00606061 0.00606061 0.00606061
 0.00606061 0.00606061 0.00606061 0.00606061 0.00606061 0.00606061
 0.00606061 0.00505051 0.00454545 0.0030303  0.0030303  0.0030303
 0.0010101  0.0010101  0.0010101  0.0010101  0.0010101  0.0010101
 0.0010101  0.0010101  0.0010101  0.0010101  0.0010101  0.0010101
 0.0010101  0.0010101  0.0010101  0.0010101  0.0010101  0.0010101
 0.0010101  0.0010101  0.0010101  0.0010101  0.0010101  0.0010101
 0.0010101  0.0010101 ]",5
10,bLRRIME-KNN,knn,PulmonaryHypertension,v1,0.13672438672438678,1.6886370182037354,0.8571428571428571,0.1428571428571429,0.875,0.875,0.8333333333333334,0.875,0.875,0.7083333333333334,0.8541666666666667,"[[5,1],
 [1,7]]","[5, 1, 1, 7]","(2, 2)",2,"[0 0 0 0 0 0 0 0 0 0 0 0 0 0 0 0 0 0 0 0 0 0 0 0 0 0 0 0 0 0 0 0 0 0 0 0 0
 0 0 0 0 0 0 0 0 0 0 0 0 0 0 0 0 0 0 0 0 0 0 0 0 0 0 0 0 0 0 0 0 0 0 1 0 0
 0 0 0 0 0 0 0 0 0 0 0 0 0 0 1 0 0 0 0 0 0 0 0 0 0]","[0.2212482  0.2212482  0.21821789 0.21518759 0.21417749 0.21417749
 0.21417749 0.21215729 0.21215729 0.21215729 0.14126984 0.14126984
 0.14126984 0.14126984 0.14126984 0.14126984 0.14126984 0.13874459
 0.13823954 0.13823954 0.13672439 0.13672439 0.13672439 0.13672439
 0.13672439 0.13672439 0.13672439 0.13672439 0.13672439 0.13672439
 0.13672439 0.13672439 0.13672439 0.13672439 0.13672439 0.13672439
 0.13672439 0.13672439 0.13672439 0.13672439 0.13672439 0.13672439
 0.13672439 0.13672439 0.13672439 0.13672439 0.13672439 0.13672439
 0.13672439 0.13672439]",5
1,bLRRIME-KNN,knn,PulmonaryHypertension,v1,0.0015151515151515165,1.6887950897216797,1.0,0.0,1.0,1.0,1.0,1.0,1.0,1.0,1.0,"[[7,0],
 [0,8]]","[7, 0, 0, 8]","(2, 2)",3,"[0 0 0 0 0 0 0 0 0 0 0 0 0 0 0 0 0 0 0 0 0 0 0 0 0 0 0 0 0 0 0 0 0 0 0 0 0
 0 0 0 1 0 0 0 0 0 0 0 0 0 0 0 0 0 0 0 0 0 0 0 0 0 0 0 0 0 0 0 0 0 0 0 0 0
 0 1 0 0 0 0 0 0 1 0 0 0 0 0 0 0 0 0 0 0 0 0 0 0 0]","[0.20969697 0.14636364 0.13727273 0.13525253 0.13373737 0.06636364
 0.06636364 0.06636364 0.06636364 0.06636364 0.06585859 0.06434343
 0.06434343 0.06434343 0.06434343 0.06434343 0.06434343 0.00151515
 0.00151515 0.00151515 0.00151515 0.00151515 0.00151515 0.00151515
 0.00151515 0.00151515 0.00151515 0.00151515 0.00151515 0.00151515
 0.00151515 0.00151515 0.00151515 0.00151515 0.00151515 0.00151515
 0.00151515 0.00151515 0.00151515 0.00151515 0.00151515 0.00151515
 0.00151515 0.00151515 0.00151515 0.00151515 0.00151515 0.00151515
 0.00151515 0.00151515]",6
2,bLRRIME-KNN,knn,PulmonaryHypertension,v1,0.06937229437229434,1.757174015045166,0.9285714285714286,0.0714285714285714,1.0,1.0,0.8571428571428571,0.875,0.9333333333333333,0.8660254037844387,0.979591836734694,"[[6,1],
 [0,7]]","[6, 1, 0, 7]","(2, 2)",3,"[0 0 0 0 0 0 0 0 0 0 0 0 0 0 0 0 0 0 0 0 0 0 0 0 0 0 0 0 0 0 0 0 0 0 0 0 0
 0 0 0 0 0 0 0 0 0 0 0 0 0 0 0 1 0 0 0 0 0 0 0 1 0 0 0 0 0 0 0 0 0 0 0 0 0
 0 0 0 0 0 0 0 0 0 0 0 0 0 0 0 0 0 0 0 1 0 0 0 0 0]","[0.22074315 0.21821789 0.15036075 0.14834055 0.14834055 0.14126984
 0.14126984 0.13773449 0.13773449 0.0703824  0.0703824  0.06937229
 0.06937229 0.06937229 0.06937229 0.06937229 0.06937229 0.06937229
 0.06937229 0.06937229 0.06937229 0.06937229 0.06937229 0.06937229
 0.06937229 0.06937229 0.06937229 0.06937229 0.06937229 0.06937229
 0.06937229 0.06937229 0.06937229 0.06937229 0.06937229 0.06937229
 0.06937229 0.06937229 0.06937229 0.06937229 0.06937229 0.06937229
 0.06937229 0.06937229 0.06937229 0.06937229 0.06937229 0.06937229
 0.06937229 0.06937229]",6
3,bLRRIME-KNN,knn,PulmonaryHypertension,v1,0.0025252525252525276,1.7965893745422363,1.0,0.0,1.0,1.0,1.0,1.0,1.0,1.0,1.0,"[[7,0],
 [0,7]]","[7, 0, 0, 7]","(2, 2)",5,"[0 0 0 0 0 0 0 0 0 0 0 0 0 0 0 0 0 0 0 0 0 0 0 0 0 0 1 0 0 0 0 0 0 0 0 0 0
 0 1 0 0 0 0 0 0 0 1 0 0 0 0 0 0 0 0 0 0 0 0 0 0 0 0 0 0 0 0 0 0 0 1 0 0 0
 0 0 0 0 0 0 0 0 0 0 0 0 0 0 0 0 0 1 0 0 0 0 0 0 0]","[0.01767677 0.01414141 0.01212121 0.0040404  0.0040404  0.0040404
 0.0040404  0.0040404  0.0040404  0.0040404  0.0040404  0.0040404
 0.00353535 0.00353535 0.0030303  0.0030303  0.0030303  0.0030303
 0.0030303  0.0030303  0.0030303  0.0030303  0.0030303  0.0030303
 0.0030303  0.0030303  0.0030303  0.0030303  0.0030303  0.0030303
 0.0030303  0.00252525 0.00252525 0.00252525 0.00252525 0.00252525
 0.00252525 0.00252525 0.00252525 0.00252525 0.00252525 0.00252525
 0.00252525 0.00252525 0.00252525 0.00252525 0.00252525 0.00252525
 0.00252525 0.00252525]",6
4,bLRRIME-KNN,knn,PulmonaryHypertension,v1,0.20407647907647908,1.5539193153381348,0.7857142857142857,0.2142857142857143,0.7142857142857143,0.7142857142857143,0.8571428571428571,0.8333333333333334,0.7692307692307693,0.5773502691896257,0.7244897959183674,"[[6,1],
 [2,5]]","[6, 1, 2, 5]","(2, 2)",1,"[0 0 0 0 0 0 0 0 0 0 0 0 0 0 0 0 0 0 0 0 0 0 0 0 0 0 0 0 0 0 0 0 0 0 0 0 0
 0 0 0 0 0 0 0 0 0 0 0 0 0 1 0 0 0 0 0 0 0 0 0 0 0 0 0 0 0 0 0 0 0 0 0 0 0
 0 0 0 0 0 0 0 0 0 0 0 0 0 0 0 0 0 0 0 0 0 0 0 0 0]","[0.29314574 0.28910534 0.21316739 0.21316739 0.21316739 0.21316739
 0.21316739 0.21316739 0.21316739 0.21316739 0.21215729 0.21215729
 0.21215729 0.21215729 0.21215729 0.21215729 0.21165224 0.20508658
 0.20407648 0.20407648 0.20407648 0.20407648 0.20407648 0.20407648
 0.20407648 0.20407648 0.20407648 0.20407648 0.20407648 0.20407648
 0.20407648 0.20407648 0.20407648 0.20407648 0.20407648 0.20407648
 0.20407648 0.20407648 0.20407648 0.20407648 0.20407648 0.20407648
 0.20407648 0.20407648 0.20407648 0.20407648 0.20407648 0.20407648
 0.20407648 0.20407648]",6
5,bLRRIME-KNN,knn,PulmonaryHypertension,v1,0.0005050505050505056,1.494936466217041,1.0,0.0,1.0,1.0,1.0,1.0,1.0,1.0,1.0,"[[7,0],
 [0,7]]","[7, 0, 0, 7]","(2, 2)",1,"[0 0 0 0 0 0 0 0 0 0 0 0 0 0 0 0 0 0 0 0 0 0 0 0 0 0 0 0 0 0 0 0 0 0 0 1 0
 0 0 0 0 0 0 0 0 0 0 0 0 0 0 0 0 0 0 0 0 0 0 0 0 0 0 0 0 0 0 0 0 0 0 0 0 0
 0 0 0 0 0 0 0 0 0 0 0 0 0 0 0 0 0 0 0 0 0 0 0 0 0]","[0.08654401 0.08603896 0.0774531  0.01161616 0.01010101 0.01010101
 0.01010101 0.00252525 0.0010101  0.0010101  0.00050505 0.00050505
 0.00050505 0.00050505 0.00050505 0.00050505 0.00050505 0.00050505
 0.00050505 0.00050505 0.00050505 0.00050505 0.00050505 0.00050505
 0.00050505 0.00050505 0.00050505 0.00050505 0.00050505 0.00050505
 0.00050505 0.00050505 0.00050505 0.00050505 0.00050505 0.00050505
 0.00050505 0.00050505 0.00050505 0.00050505 0.00050505 0.00050505
 0.00050505 0.00050505 0.00050505 0.00050505 0.00050505 0.00050505
 0.00050505 0.00050505]",6
6,bLRRIME-KNN,knn,PulmonaryHypertension,v1,0.13621933621933627,1.6535677909851074,0.8571428571428571,0.1428571428571429,1.0,1.0,0.7142857142857143,0.7777777777777778,0.875,0.7453559924999299,0.8775510204081632,"[[5,2],
 [0,7]]","[5, 2, 0, 7]","(2, 2)",1,"[0 0 0 0 0 0 0 0 0 0 0 0 0 0 0 0 0 0 0 0 0 0 0 0 0 0 0 0 0 0 0 0 0 0 0 0 0
 0 0 0 0 0 0 0 0 0 0 0 0 0 0 0 1 0 0 0 0 0 0 0 0 0 0 0 0 0 0 0 0 0 0 0 0 0
 0 0 0 0 0 0 0 0 0 0 0 0 0 0 0 0 0 0 0 0 0 0 0 0 0]","[0.29213564 0.28506494 0.28506494 0.21316739 0.21316739 0.21316739
 0.21316739 0.21316739 0.13621934 0.13621934 0.13621934 0.13621934
 0.13621934 0.13621934 0.13621934 0.13621934 0.13621934 0.13621934
 0.13621934 0.13621934 0.13621934 0.13621934 0.13621934 0.13621934
 0.13621934 0.13621934 0.13621934 0.13621934 0.13621934 0.13621934
 0.13621934 0.13621934 0.13621934 0.13621934 0.13621934 0.13621934
 0.13621934 0.13621934 0.13621934 0.13621934 0.13621934 0.13621934
 0.13621934 0.13621934 0.13621934 0.13621934 0.13621934 0.13621934
 0.13621934 0.13621934]",6
7,bLRRIME-KNN,knn,PulmonaryHypertension,v1,0.0010101010101010112,1.561249017715454,1.0,0.0,1.0,1.0,1.0,1.0,1.0,1.0,1.0,"[[7,0],
 [0,7]]","[7, 0, 0, 7]","(2, 2)",2,"[0 0 0 0 0 0 0 0 0 0 0 0 0 0 0 0 0 0 0 0 0 0 0 1 0 0 0 0 0 0 0 0 0 0 0 0 0
 0 0 0 0 0 1 0 0 0 0 0 0 0 0 0 0 0 0 0 0 0 0 0 0 0 0 0 0 0 0 0 0 0 0 0 0 0
 0 0 0 0 0 0 0 0 0 0 0 0 0 0 0 0 0 0 0 0 0 0 0 0 0]","[0.02121212 0.01616162 0.01313131 0.00808081 0.00808081 0.00808081
 0.00505051 0.00454545 0.00454545 0.0020202  0.00151515 0.0010101
 0.0010101  0.0010101  0.0010101  0.0010101  0.0010101  0.0010101
 0.0010101  0.0010101  0.0010101  0.0010101  0.0010101  0.0010101
 0.0010101  0.0010101  0.0010101  0.0010101  0.0010101  0.0010101
 0.0010101  0.0010101  0.0010101  0.0010101  0.0010101  0.0010101
 0.0010101  0.0010101  0.0010101  0.0010101  0.0010101  0.0010101
 0.0010101  0.0010101  0.0010101  0.0010101  0.0010101  0.0010101
 0.0010101  0.0010101 ]",6
8,bLRRIME-KNN,knn,PulmonaryHypertension,v1,0.06937229437229434,1.792752742767334,0.9285714285714286,0.0714285714285714,0.8571428571428571,0.8571428571428571,1.0,1.0,0.9230769230769231,0.8660254037844387,0.9591836734693878,"[[7,0],
 [1,6]]","[7, 0, 1, 6]","(2, 2)",3,"[0 0 0 0 0 1 0 0 0 0 0 0 0 0 0 0 0 0 0 0 0 0 0 0 0 0 0 0 0 0 0 0 0 0 0 0 0
 0 0 0 0 0 0 0 0 0 0 0 0 0 0 0 0 0 0 0 0 0 0 0 0 0 0 0 0 1 0 0 0 0 0 0 0 0
 0 0 0 0 0 0 0 0 0 0 0 0 0 0 0 0 0 0 0 0 0 1 0 0 0]","[0.08805916 0.08805916 0.0774531  0.076443   0.0734127  0.0734127
 0.07290765 0.07290765 0.07290765 0.07290765 0.06987734 0.06987734
 0.06987734 0.06987734 0.06937229 0.06937229 0.06937229 0.06937229
 0.06937229 0.06937229 0.06937229 0.06937229 0.06937229 0.06937229
 0.06937229 0.06937229 0.06937229 0.06937229 0.06937229 0.06937229
 0.06937229 0.06937229 0.06937229 0.06937229 0.06937229 0.06937229
 0.06937229 0.06937229 0.06937229 0.06937229 0.06937229 0.06937229
 0.06937229 0.06937229 0.06937229 0.06937229 0.06937229 0.06937229
 0.06937229 0.06937229]",6
9,bLRRIME-KNN,knn,PulmonaryHypertension,v1,0.06987734487734484,1.7213411331176758,0.9285714285714286,0.0714285714285714,1.0,1.0,0.8571428571428571,0.875,0.9333333333333333,0.8660254037844387,0.8877551020408163,"[[6,1],
 [0,7]]","[6, 1, 0, 7]","(2, 2)",4,"[0 0 0 0 0 1 0 0 0 0 0 0 0 0 0 0 0 0 0 0 0 0 1 0 0 0 0 0 0 0 0 0 0 0 0 0 0
 0 0 0 0 0 0 0 0 0 0 0 0 1 0 0 0 0 0 0 0 0 0 0 0 0 0 0 0 0 0 0 0 0 0 0 0 0
 0 0 0 0 0 0 0 0 0 0 0 0 0 0 0 0 0 0 0 1 0 0 0 0 0]","[0.2252886  0.21821789 0.15339105 0.15339105 0.1458153  0.1458153
 0.1458153  0.14379509 0.14278499 0.14278499 0.14278499 0.14227994
 0.14227994 0.14227994 0.14076479 0.13975469 0.13975469 0.13975469
 0.13722944 0.13722944 0.13722944 0.13722944 0.13722944 0.13722944
 0.13722944 0.13722944 0.13722944 0.13722944 0.13722944 0.13722944
 0.13722944 0.13722944 0.13722944 0.13722944 0.13722944 0.13722944
 0.13722944 0.13722944 0.13722944 0.13722944 0.13722944 0.13722944
 0.13722944 0.13722944 0.13722944 0.13722944 0.13722944 0.13722944
 0.13722944 0.06987734]",6
10,bLRRIME-KNN,knn,PulmonaryHypertension,v1,0.06886724386724384,1.587390422821045,0.9285714285714286,0.0714285714285714,0.875,0.875,1.0,1.0,0.9333333333333333,0.8660254037844387,0.9166666666666667,"[[6,0],
 [1,7]]","[6, 0, 1, 7]","(2, 2)",2,"[0 0 0 0 0 0 0 0 0 0 0 0 0 0 0 0 0 0 0 0 0 0 0 0 0 0 0 0 0 0 0 0 0 0 1 0 0
 0 0 0 0 0 0 0 0 0 0 0 0 0 0 0 0 0 0 0 0 0 0 0 0 0 0 0 0 0 0 0 0 0 0 0 0 0
 0 0 0 0 0 0 0 0 0 0 0 0 0 0 0 1 0 0 0 0 0 0 0 0 0]","[0.22478355 0.21771284 0.21367244 0.14329004 0.14329004 0.13722944
 0.06937229 0.06937229 0.06937229 0.06937229 0.06937229 0.06886724
 0.06886724 0.06886724 0.06886724 0.06886724 0.06886724 0.06886724
 0.06886724 0.06886724 0.06886724 0.06886724 0.06886724 0.06886724
 0.06886724 0.06886724 0.06886724 0.06886724 0.06886724 0.06886724
 0.06886724 0.06886724 0.06886724 0.06886724 0.06886724 0.06886724
 0.06886724 0.06886724 0.06886724 0.06886724 0.06886724 0.06886724
 0.06886724 0.06886724 0.06886724 0.06886724 0.06886724 0.06886724
 0.06886724 0.06886724]",6
1,bLRRIME-KNN,knn,PulmonaryHypertension,v1,0.12767676767676764,1.5425279140472412,0.8666666666666667,0.1333333333333333,0.875,0.875,0.8571428571428571,0.875,0.875,0.7321428571428571,0.8660714285714286,"[[6,1],
 [1,7]]","[6, 1, 1, 7]","(2, 2)",2,"[0 0 0 0 0 1 0 0 0 0 0 0 0 0 0 0 0 0 0 0 0 0 0 0 0 0 0 0 0 0 0 0 0 0 0 0 0
 0 0 0 0 0 0 0 0 0 0 0 0 0 0 0 0 0 0 0 0 0 0 0 0 0 0 0 0 0 0 0 0 0 0 0 0 1
 0 0 0 0 0 0 0 0 0 0 0 0 0 0 0 0 0 0 0 0 0 0 0 0 0]","[0.27151515 0.26646465 0.20060606 0.19909091 0.19555556 0.19555556
 0.13121212 0.13070707 0.13070707 0.12969697 0.12919192 0.12767677
 0.12767677 0.12767677 0.12767677 0.12767677 0.12767677 0.12767677
 0.12767677 0.12767677 0.12767677 0.12767677 0.12767677 0.12767677
 0.12767677 0.12767677 0.12767677 0.12767677 0.12767677 0.12767677
 0.12767677 0.12767677 0.12767677 0.12767677 0.12767677 0.12767677
 0.12767677 0.12767677 0.12767677 0.12767677 0.12767677 0.12767677
 0.12767677 0.12767677 0.12767677 0.12767677 0.12767677 0.12767677
 0.12767677 0.12767677]",7
2,bLRRIME-KNN,knn,PulmonaryHypertension,v1,0.06937229437229434,1.7730517387390137,0.9285714285714286,0.0714285714285714,0.8571428571428571,0.8571428571428571,1.0,1.0,0.9230769230769231,0.8660254037844387,0.9183673469387756,"[[7,0],
 [1,6]]","[7, 0, 1, 6]","(2, 2)",3,"[0 0 0 0 0 0 0 0 0 0 0 0 0 0 0 0 0 0 1 0 0 0 0 0 0 0 0 0 0 0 0 0 0 0 0 0 0
 0 0 0 0 0 0 0 0 0 0 0 0 0 0 0 0 0 0 0 0 0 0 0 0 0 0 0 0 0 0 0 0 0 0 0 1 0
 0 0 0 0 0 0 0 0 0 0 0 0 0 0 0 0 0 0 0 0 0 0 1 0 0]","[0.2222583  0.15036075 0.15036075 0.14935065 0.14935065 0.14329004
 0.14329004 0.13975469 0.13823954 0.06937229 0.06937229 0.06937229
 0.06937229 0.06937229 0.06937229 0.06937229 0.06937229 0.06937229
 0.06937229 0.06937229 0.06937229 0.06937229 0.06937229 0.06937229
 0.06937229 0.06937229 0.06937229 0.06937229 0.06937229 0.06937229
 0.06937229 0.06937229 0.06937229 0.06937229 0.06937229 0.06937229
 0.06937229 0.06937229 0.06937229 0.06937229 0.06937229 0.06937229
 0.06937229 0.06937229 0.06937229 0.06937229 0.06937229 0.06937229
 0.06937229 0.06937229]",7
3,bLRRIME-KNN,knn,PulmonaryHypertension,v1,0.0010101010101010112,1.5992162227630615,1.0,0.0,1.0,1.0,1.0,1.0,1.0,1.0,1.0,"[[7,0],
 [0,7]]","[7, 0, 0, 7]","(2, 2)",2,"[0 0 0 0 0 0 0 0 0 0 0 0 0 0 0 0 0 0 0 0 0 0 0 0 0 1 0 0 0 0 0 0 0 0 0 0 0
 0 0 0 0 0 0 0 0 0 0 0 0 0 0 0 0 0 0 0 0 0 0 0 0 1 0 0 0 0 0 0 0 0 0 0 0 0
 0 0 0 0 0 0 0 0 0 0 0 0 0 0 0 0 0 0 0 0 0 0 0 0 0]","[0.08755411 0.08048341 0.07593795 0.0754329  0.07391775 0.07391775
 0.07391775 0.0724026  0.07189755 0.06886724 0.06886724 0.06886724
 0.06886724 0.06886724 0.00151515 0.00151515 0.00151515 0.00151515
 0.00151515 0.00151515 0.00151515 0.00151515 0.00151515 0.00151515
 0.0010101  0.0010101  0.0010101  0.0010101  0.0010101  0.0010101
 0.0010101  0.0010101  0.0010101  0.0010101  0.0010101  0.0010101
 0.0010101  0.0010101  0.0010101  0.0010101  0.0010101  0.0010101
 0.0010101  0.0010101  0.0010101  0.0010101  0.0010101  0.0010101
 0.0010101  0.0010101 ]",7
4,bLRRIME-KNN,knn,PulmonaryHypertension,v1,0.06937229437229434,1.665985345840454,0.9285714285714286,0.0714285714285714,1.0,1.0,0.8571428571428571,0.875,0.9333333333333333,0.8660254037844387,0.9081632653061223,"[[6,1],
 [0,7]]","[6, 1, 0, 7]","(2, 2)",3,"[0 0 0 0 0 0 0 0 0 0 0 0 0 0 0 0 0 0 0 0 0 0 0 0 0 0 0 0 0 0 1 0 0 0 0 0 0
 0 0 0 0 0 0 0 0 0 0 0 0 0 0 0 0 0 0 0 0 0 0 1 0 0 0 0 0 0 0 0 0 0 0 0 0 0
 0 0 0 0 0 0 0 0 0 0 0 0 0 0 0 0 0 0 0 0 1 0 0 0 0]","[0.22276335 0.21367244 0.14379509 0.07391775 0.07391775 0.07391775
 0.0724026  0.0724026  0.0724026  0.0724026  0.07189755 0.06937229
 0.06937229 0.06937229 0.06937229 0.06937229 0.06937229 0.06937229
 0.06937229 0.06937229 0.06937229 0.06937229 0.06937229 0.06937229
 0.06937229 0.06937229 0.06937229 0.06937229 0.06937229 0.06937229
 0.06937229 0.06937229 0.06937229 0.06937229 0.06937229 0.06937229
 0.06937229 0.06937229 0.06937229 0.06937229 0.06937229 0.06937229
 0.06937229 0.06937229 0.06937229 0.06937229 0.06937229 0.06937229
 0.06937229 0.06937229]",7
5,bLRRIME-KNN,knn,PulmonaryHypertension,v1,0.06937229437229434,1.7323341369628906,0.9285714285714286,0.0714285714285714,1.0,1.0,0.8571428571428571,0.875,0.9333333333333333,0.8660254037844387,0.8979591836734695,"[[6,1],
 [0,7]]","[6, 1, 0, 7]","(2, 2)",3,"[0 0 0 0 1 1 0 0 0 0 0 0 0 0 0 0 0 0 0 0 0 0 0 0 0 0 0 0 0 0 0 0 0 0 0 0 0
 0 1 0 0 0 0 0 0 0 0 0 0 0 0 0 0 0 0 0 0 0 0 0 0 0 0 0 0 0 0 0 0 0 0 0 0 0
 0 0 0 0 0 0 0 0 0 0 0 0 0 0 0 0 0 0 0 0 0 0 0 0 0]","[0.28961039 0.28708514 0.28607504 0.28152958 0.28152958 0.21417749
 0.21417749 0.21417749 0.21417749 0.20609668 0.06937229 0.06937229
 0.06937229 0.06937229 0.06937229 0.06937229 0.06937229 0.06937229
 0.06937229 0.06937229 0.06937229 0.06937229 0.06937229 0.06937229
 0.06937229 0.06937229 0.06937229 0.06937229 0.06937229 0.06937229
 0.06937229 0.06937229 0.06937229 0.06937229 0.06937229 0.06937229
 0.06937229 0.06937229 0.06937229 0.06937229 0.06937229 0.06937229
 0.06937229 0.06937229 0.06937229 0.06937229 0.06937229 0.06937229
 0.06937229 0.06937229]",7
6,bLRRIME-KNN,knn,PulmonaryHypertension,v1,0.06886724386724384,1.6865239143371582,0.9285714285714286,0.0714285714285714,0.8571428571428571,0.8571428571428571,1.0,1.0,0.9230769230769231,0.8660254037844387,0.9591836734693878,"[[7,0],
 [1,6]]","[7, 0, 1, 6]","(2, 2)",2,"[0 0 0 0 1 0 0 0 0 0 0 0 0 0 0 0 0 0 0 0 0 0 0 0 0 0 0 0 0 0 0 0 0 0 0 0 0
 0 0 0 0 0 1 0 0 0 0 0 0 0 0 0 0 0 0 0 0 0 0 0 0 0 0 0 0 0 0 0 0 0 0 0 0 0
 0 0 0 0 0 0 0 0 0 0 0 0 0 0 0 0 0 0 0 0 0 0 0 0 0]","[0.15238095 0.15238095 0.1488456  0.1488456  0.07997835 0.07997835
 0.0734127  0.0734127  0.0734127  0.07290765 0.07189755 0.07088745
 0.07088745 0.07088745 0.07088745 0.06886724 0.06886724 0.06886724
 0.06886724 0.06886724 0.06886724 0.06886724 0.06886724 0.06886724
 0.06886724 0.06886724 0.06886724 0.06886724 0.06886724 0.06886724
 0.06886724 0.06886724 0.06886724 0.06886724 0.06886724 0.06886724
 0.06886724 0.06886724 0.06886724 0.06886724 0.06886724 0.06886724
 0.06886724 0.06886724 0.06886724 0.06886724 0.06886724 0.06886724
 0.06886724 0.06886724]",7
7,bLRRIME-KNN,knn,PulmonaryHypertension,v1,0.06886724386724384,1.521451711654663,0.9285714285714286,0.0714285714285714,1.0,1.0,0.8571428571428571,0.875,0.9333333333333333,0.8660254037844387,0.9387755102040816,"[[6,1],
 [0,7]]","[6, 1, 0, 7]","(2, 2)",2,"[0 0 0 0 0 0 0 0 0 0 0 0 0 0 0 0 0 0 0 0 0 0 0 0 0 0 0 0 0 0 0 0 0 0 0 0 0
 0 0 0 0 0 0 0 0 0 0 0 0 0 1 0 0 0 0 0 0 0 0 0 0 0 0 0 0 0 0 0 0 0 0 0 1 0
 0 0 0 0 0 0 0 0 0 0 0 0 0 0 0 0 0 0 0 0 0 0 0 0 0]","[0.22276335 0.22276335 0.22276335 0.21266234 0.1468254  0.14480519
 0.14480519 0.13874459 0.13722944 0.13621934 0.13621934 0.13621934
 0.13621934 0.13621934 0.06886724 0.06886724 0.06886724 0.06886724
 0.06886724 0.06886724 0.06886724 0.06886724 0.06886724 0.06886724
 0.06886724 0.06886724 0.06886724 0.06886724 0.06886724 0.06886724
 0.06886724 0.06886724 0.06886724 0.06886724 0.06886724 0.06886724
 0.06886724 0.06886724 0.06886724 0.06886724 0.06886724 0.06886724
 0.06886724 0.06886724 0.06886724 0.06886724 0.06886724 0.06886724
 0.06886724 0.06886724]",7
8,bLRRIME-KNN,knn,PulmonaryHypertension,v1,0.13672438672438678,1.6642823219299316,0.8571428571428571,0.1428571428571429,1.0,1.0,0.7142857142857143,0.7777777777777778,0.875,0.7453559924999299,0.9183673469387755,"[[5,2],
 [0,7]]","[5, 2, 0, 7]","(2, 2)",2,"[0 0 0 0 0 0 0 0 0 0 0 0 0 0 0 0 0 0 1 0 0 0 0 0 0 0 0 0 0 0 0 0 0 0 0 0 0
 0 0 0 0 0 0 0 0 0 0 0 0 0 0 0 0 0 0 0 0 0 0 0 0 0 0 0 0 0 0 0 0 0 0 0 0 0
 0 0 0 0 0 0 0 1 0 0 0 0 0 0 0 0 0 0 0 0 0 0 0 0 0]","[0.2252886  0.21872294 0.21670274 0.21165224 0.13975469 0.13975469
 0.13975469 0.13722944 0.13722944 0.13722944 0.13722944 0.13722944
 0.13672439 0.13672439 0.13672439 0.13672439 0.13672439 0.13672439
 0.13672439 0.13672439 0.13672439 0.13672439 0.13672439 0.13672439
 0.13672439 0.13672439 0.13672439 0.13672439 0.13672439 0.13672439
 0.13672439 0.13672439 0.13672439 0.13672439 0.13672439 0.13672439
 0.13672439 0.13672439 0.13672439 0.13672439 0.13672439 0.13672439
 0.13672439 0.13672439 0.13672439 0.13672439 0.13672439 0.13672439
 0.13672439 0.13672439]",7
9,bLRRIME-KNN,knn,PulmonaryHypertension,v1,0.06937229437229434,1.717590093612671,0.9285714285714286,0.0714285714285714,0.8571428571428571,0.8571428571428571,1.0,1.0,0.9230769230769231,0.8660254037844387,0.9591836734693878,"[[7,0],
 [1,6]]","[7, 0, 1, 6]","(2, 2)",3,"[0 0 0 0 0 0 0 0 0 0 0 0 0 0 0 0 0 0 0 0 0 0 0 0 0 0 0 0 0 0 0 0 0 0 0 0 0
 0 0 1 0 0 0 0 0 0 0 0 0 0 0 0 0 0 0 0 0 0 0 0 0 0 0 0 1 0 0 0 0 0 0 0 0 0
 0 0 0 0 0 0 1 0 0 0 0 0 0 0 0 0 0 0 0 0 0 0 0 0 0]","[0.2262987  0.2262987  0.21670274 0.20761183 0.20458153 0.20458153
 0.20458153 0.20458153 0.20458153 0.13823954 0.13773449 0.13773449
 0.13773449 0.06937229 0.06937229 0.06937229 0.06937229 0.06937229
 0.06937229 0.06937229 0.06937229 0.06937229 0.06937229 0.06937229
 0.06937229 0.06937229 0.06937229 0.06937229 0.06937229 0.06937229
 0.06937229 0.06937229 0.06937229 0.06937229 0.06937229 0.06937229
 0.06937229 0.06937229 0.06937229 0.06937229 0.06937229 0.06937229
 0.06937229 0.06937229 0.06937229 0.06937229 0.06937229 0.06937229
 0.06937229 0.06937229]",7
10,bLRRIME-KNN,knn,PulmonaryHypertension,v1,0.0025252525252525276,1.920191764831543,1.0,0.0,1.0,1.0,1.0,1.0,1.0,1.0,0.9999999999999999,"[[6,0],
 [0,8]]","[6, 0, 0, 8]","(2, 2)",5,"[0 0 0 0 0 1 0 0 0 0 0 0 0 0 0 0 0 0 0 1 0 0 0 0 0 0 0 0 0 0 0 0 0 0 0 0 0
 0 0 0 0 0 0 0 1 0 0 0 0 0 0 0 0 0 0 0 0 0 0 0 0 0 0 0 0 0 0 0 0 0 0 0 1 0
 0 1 0 0 0 0 0 0 0 0 0 0 0 0 0 0 0 0 0 0 0 0 0 0 0]","[0.08805916 0.08452381 0.08098846 0.0784632  0.07290765 0.07290765
 0.07290765 0.0703824  0.0703824  0.0703824  0.0703824  0.0703824
 0.0703824  0.06987734 0.06987734 0.06987734 0.06987734 0.06987734
 0.06987734 0.06987734 0.06987734 0.06987734 0.06987734 0.06987734
 0.06987734 0.06987734 0.06987734 0.06987734 0.06987734 0.06987734
 0.06987734 0.06987734 0.06987734 0.06987734 0.06987734 0.06987734
 0.06987734 0.06987734 0.06987734 0.06987734 0.06987734 0.06987734
 0.06987734 0.06987734 0.06987734 0.06987734 0.00252525 0.00252525
 0.00252525 0.00252525]",7
1,bLRRIME-KNN,knn,PulmonaryHypertension,v1,0.12767676767676764,1.6562561988830566,0.8666666666666667,0.1333333333333333,0.875,0.875,0.8571428571428571,0.875,0.875,0.7321428571428571,0.8303571428571428,"[[6,1],
 [1,7]]","[6, 1, 1, 7]","(2, 2)",2,"[0 0 0 0 0 0 0 0 0 0 0 0 0 0 0 0 0 0 0 0 0 0 0 0 0 0 0 0 0 0 0 0 0 0 0 0 0
 0 0 1 0 0 0 0 0 0 0 0 0 0 0 0 0 0 0 0 0 0 0 0 0 0 0 0 0 0 0 0 1 0 0 0 0 0
 0 0 0 0 0 0 0 0 0 0 0 0 0 0 0 0 0 0 0 0 0 0 0 0 0]","[0.2730303  0.27       0.19808081 0.19353535 0.19353535 0.12818182
 0.12818182 0.12818182 0.12818182 0.12818182 0.12818182 0.12767677
 0.12767677 0.12767677 0.12767677 0.12767677 0.12767677 0.12767677
 0.12767677 0.12767677 0.12767677 0.12767677 0.12767677 0.12767677
 0.12767677 0.12767677 0.12767677 0.12767677 0.12767677 0.12767677
 0.12767677 0.12767677 0.12767677 0.12767677 0.12767677 0.12767677
 0.12767677 0.12767677 0.12767677 0.12767677 0.12767677 0.12767677
 0.12767677 0.12767677 0.12767677 0.12767677 0.12767677 0.12767677
 0.12767677 0.12767677]",8
2,bLRRIME-KNN,knn,PulmonaryHypertension,v1,0.0015151515151515165,1.948268175125122,1.0,0.0,1.0,1.0,1.0,1.0,1.0,1.0,0.9999999999999999,"[[7,0],
 [0,7]]","[7, 0, 0, 7]","(2, 2)",3,"[0 0 0 0 0 0 0 0 0 0 0 0 0 0 0 0 0 0 0 0 0 0 0 0 0 0 0 0 0 0 0 0 0 0 0 0 0
 0 0 0 0 0 0 0 0 0 0 0 0 0 0 0 0 0 0 0 0 0 0 0 0 0 0 0 0 0 0 0 0 1 0 1 0 0
 0 0 0 0 0 0 0 0 0 0 0 0 0 0 0 0 0 0 0 0 0 1 0 0 0]","[0.08654401 0.08300866 0.076443   0.076443   0.07593795 0.0703824
 0.0703824  0.0703824  0.0703824  0.00353535 0.00353535 0.00353535
 0.0030303  0.0030303  0.0030303  0.0030303  0.0030303  0.0030303
 0.0030303  0.0030303  0.0030303  0.00252525 0.00252525 0.0020202
 0.00151515 0.00151515 0.00151515 0.00151515 0.00151515 0.00151515
 0.00151515 0.00151515 0.00151515 0.00151515 0.00151515 0.00151515
 0.00151515 0.00151515 0.00151515 0.00151515 0.00151515 0.00151515
 0.00151515 0.00151515 0.00151515 0.00151515 0.00151515 0.00151515
 0.00151515 0.00151515]",8
3,bLRRIME-KNN,knn,PulmonaryHypertension,v1,0.0025252525252525276,1.8114802837371826,1.0,0.0,1.0,1.0,1.0,1.0,1.0,1.0,1.0,"[[7,0],
 [0,7]]","[7, 0, 0, 7]","(2, 2)",5,"[0 0 0 0 0 0 0 0 0 0 1 0 0 0 0 0 0 0 0 0 0 0 0 0 0 0 0 0 0 0 0 0 0 0 0 0 1
 0 0 0 0 0 0 0 0 0 0 0 0 0 0 0 0 0 0 0 0 0 0 0 0 1 0 0 0 1 0 0 0 0 0 0 0 0
 0 0 0 0 0 1 0 0 0 0 0 0 0 0 0 0 0 0 0 0 0 0 0 0 0]","[0.15743146 0.14379509 0.14379509 0.14076479 0.13924964 0.13773449
 0.07290765 0.00606061 0.00606061 0.00606061 0.00606061 0.00454545
 0.00454545 0.0040404  0.0040404  0.00353535 0.00353535 0.00252525
 0.00252525 0.00252525 0.00252525 0.00252525 0.00252525 0.00252525
 0.00252525 0.00252525 0.00252525 0.00252525 0.00252525 0.00252525
 0.00252525 0.00252525 0.00252525 0.00252525 0.00252525 0.00252525
 0.00252525 0.00252525 0.00252525 0.00252525 0.00252525 0.00252525
 0.00252525 0.00252525 0.00252525 0.00252525 0.00252525 0.00252525
 0.00252525 0.00252525]",8
4,bLRRIME-KNN,knn,PulmonaryHypertension,v1,0.06937229437229434,1.8017525672912598,0.9285714285714286,0.0714285714285714,1.0,1.0,0.8571428571428571,0.875,0.9333333333333333,0.8660254037844387,0.8979591836734694,"[[6,1],
 [0,7]]","[6, 1, 0, 7]","(2, 2)",3,"[1 0 0 0 0 0 0 0 0 0 0 0 0 0 0 0 0 0 0 0 0 0 0 0 0 0 0 0 0 0 0 0 0 0 0 0 0
 0 0 0 0 0 0 0 0 0 0 0 0 0 0 0 0 0 0 0 0 0 0 0 0 0 0 0 0 0 0 1 0 0 0 0 0 0
 0 0 0 0 0 0 0 0 0 0 0 0 0 0 0 0 0 0 0 1 0 0 0 0 0]","[0.29011544 0.21872294 0.21872294 0.21872294 0.21468254 0.21468254
 0.20862193 0.20862193 0.20862193 0.20862193 0.20862193 0.20458153
 0.20458153 0.20458153 0.20458153 0.20458153 0.20458153 0.20458153
 0.20458153 0.20458153 0.20458153 0.20458153 0.20458153 0.20458153
 0.06937229 0.06937229 0.06937229 0.06937229 0.06937229 0.06937229
 0.06937229 0.06937229 0.06937229 0.06937229 0.06937229 0.06937229
 0.06937229 0.06937229 0.06937229 0.06937229 0.06937229 0.06937229
 0.06937229 0.06937229 0.06937229 0.06937229 0.06937229 0.06937229
 0.06937229 0.06937229]",8
5,bLRRIME-KNN,knn,PulmonaryHypertension,v1,0.0015151515151515165,1.7714576721191406,1.0,0.0,1.0,1.0,1.0,1.0,1.0,1.0,1.0,"[[7,0],
 [0,7]]","[7, 0, 0, 7]","(2, 2)",3,"[0 0 0 0 0 1 0 0 0 0 0 0 0 0 0 0 0 0 0 0 0 0 0 0 0 0 0 0 0 1 0 0 0 0 0 1 0
 0 0 0 0 0 0 0 0 0 0 0 0 0 0 0 0 0 0 0 0 0 0 0 0 0 0 0 0 0 0 0 0 0 0 0 0 0
 0 0 0 0 0 0 0 0 0 0 0 0 0 0 0 0 0 0 0 0 0 0 0 0 0]","[0.09159452 0.07997835 0.076443   0.07593795 0.07290765 0.07189755
 0.07088745 0.07088745 0.06987734 0.06886724 0.00151515 0.00151515
 0.00151515 0.00151515 0.00151515 0.00151515 0.00151515 0.00151515
 0.00151515 0.00151515 0.00151515 0.00151515 0.00151515 0.00151515
 0.00151515 0.00151515 0.00151515 0.00151515 0.00151515 0.00151515
 0.00151515 0.00151515 0.00151515 0.00151515 0.00151515 0.00151515
 0.00151515 0.00151515 0.00151515 0.00151515 0.00151515 0.00151515
 0.00151515 0.00151515 0.00151515 0.00151515 0.00151515 0.00151515
 0.00151515 0.00151515]",8
6,bLRRIME-KNN,knn,PulmonaryHypertension,v1,0.06987734487734484,1.5906689167022705,0.9285714285714286,0.0714285714285714,1.0,1.0,0.8571428571428571,0.875,0.9333333333333333,0.8660254037844387,0.9897959183673469,"[[6,1],
 [0,7]]","[6, 1, 0, 7]","(2, 2)",4,"[0 0 0 0 0 0 0 0 0 0 0 0 0 0 0 0 0 0 0 0 0 0 0 0 0 0 0 0 0 0 0 0 0 0 0 0 0
 0 0 0 0 0 0 0 0 0 1 0 0 0 0 0 1 0 0 0 0 0 0 0 0 0 0 0 0 0 0 0 0 0 0 0 0 0
 0 0 0 0 0 0 0 0 1 0 0 0 0 1 0 0 0 0 0 0 0 0 0 0 0]","[0.22074315 0.21973304 0.21973304 0.14834055 0.14177489 0.13874459
 0.13874459 0.0703824  0.0703824  0.06987734 0.06987734 0.06987734
 0.06987734 0.06987734 0.06987734 0.06987734 0.06987734 0.06987734
 0.06987734 0.06987734 0.06987734 0.06987734 0.06987734 0.06987734
 0.06987734 0.06987734 0.06987734 0.06987734 0.06987734 0.06987734
 0.06987734 0.06987734 0.06987734 0.06987734 0.06987734 0.06987734
 0.06987734 0.06987734 0.06987734 0.06987734 0.06987734 0.06987734
 0.06987734 0.06987734 0.06987734 0.06987734 0.06987734 0.06987734
 0.06987734 0.06987734]",8
7,bLRRIME-KNN,knn,PulmonaryHypertension,v1,0.06886724386724384,1.7050273418426514,0.9285714285714286,0.0714285714285714,1.0,1.0,0.8571428571428571,0.875,0.9333333333333333,0.8660254037844387,0.8877551020408163,"[[6,1],
 [0,7]]","[6, 1, 0, 7]","(2, 2)",2,"[0 0 0 0 0 0 0 0 0 0 0 0 0 0 0 0 0 0 0 0 0 0 0 0 0 1 0 0 0 0 0 0 0 0 0 0 0
 0 0 0 0 0 0 0 0 0 0 0 0 0 0 0 0 0 0 0 0 0 1 0 0 0 0 0 0 0 0 0 0 0 0 0 0 0
 0 0 0 0 0 0 0 0 0 0 0 0 0 0 0 0 0 0 0 0 0 0 0 0 0]","[0.09159452 0.09159452 0.09159452 0.09159452 0.09159452 0.09159452
 0.09159452 0.09159452 0.09159452 0.09159452 0.09159452 0.09159452
 0.07391775 0.0734127  0.0734127  0.0734127  0.0734127  0.0734127
 0.0734127  0.07290765 0.0724026  0.06886724 0.06886724 0.06886724
 0.06886724 0.06886724 0.06886724 0.06886724 0.06886724 0.06886724
 0.06886724 0.06886724 0.06886724 0.06886724 0.06886724 0.06886724
 0.06886724 0.06886724 0.06886724 0.06886724 0.06886724 0.06886724
 0.06886724 0.06886724 0.06886724 0.06886724 0.06886724 0.06886724
 0.06886724 0.06886724]",8
8,bLRRIME-KNN,knn,PulmonaryHypertension,v1,0.13672438672438678,1.732335090637207,0.8571428571428571,0.1428571428571429,1.0,1.0,0.7142857142857143,0.7777777777777778,0.875,0.7453559924999299,0.836734693877551,"[[5,2],
 [0,7]]","[5, 2, 0, 7]","(2, 2)",2,"[0 0 0 0 0 0 0 0 0 0 0 0 1 0 0 0 0 0 0 0 0 0 0 0 0 0 0 0 0 0 0 0 0 0 0 0 0
 0 0 0 0 0 0 0 0 0 0 0 0 0 0 0 0 0 0 0 0 0 0 0 0 0 0 0 0 0 0 0 1 0 0 0 0 0
 0 0 0 0 0 0 0 0 0 0 0 0 0 0 0 0 0 0 0 0 0 0 0 0 0]","[0.15238095 0.15238095 0.14076479 0.14076479 0.14076479 0.14076479
 0.14025974 0.14025974 0.14025974 0.14025974 0.13874459 0.13823954
 0.13823954 0.13722944 0.13722944 0.13722944 0.13722944 0.13672439
 0.13672439 0.13672439 0.13672439 0.13672439 0.13672439 0.13672439
 0.13672439 0.13672439 0.13672439 0.13672439 0.13672439 0.13672439
 0.13672439 0.13672439 0.13672439 0.13672439 0.13672439 0.13672439
 0.13672439 0.13672439 0.13672439 0.13672439 0.13672439 0.13672439
 0.13672439 0.13672439 0.13672439 0.13672439 0.13672439 0.13672439
 0.13672439 0.13672439]",8
9,bLRRIME-KNN,knn,PulmonaryHypertension,v1,0.0010101010101010112,1.7233500480651855,1.0,0.0,1.0,1.0,1.0,1.0,1.0,1.0,1.0,"[[7,0],
 [0,7]]","[7, 0, 0, 7]","(2, 2)",2,"[0 0 0 0 0 0 0 0 0 0 0 0 0 0 0 0 0 0 0 0 0 0 0 0 0 0 0 0 0 0 0 0 0 0 0 0 0
 0 0 0 0 0 0 0 0 0 0 0 0 0 0 0 0 0 0 0 0 0 0 0 0 0 0 0 0 0 0 0 0 0 0 1 0 0
 0 0 0 0 0 0 1 0 0 0 0 0 0 0 0 0 0 0 0 0 0 0 0 0 0]","[0.02676768 0.02676768 0.02676768 0.01414141 0.01111111 0.01010101
 0.00656566 0.00656566 0.00454545 0.00454545 0.00252525 0.0020202
 0.0020202  0.0020202  0.0020202  0.0020202  0.0020202  0.0020202
 0.0010101  0.0010101  0.0010101  0.0010101  0.0010101  0.0010101
 0.0010101  0.0010101  0.0010101  0.0010101  0.0010101  0.0010101
 0.0010101  0.0010101  0.0010101  0.0010101  0.0010101  0.0010101
 0.0010101  0.0010101  0.0010101  0.0010101  0.0010101  0.0010101
 0.0010101  0.0010101  0.0010101  0.0010101  0.0010101  0.0010101
 0.0010101  0.0010101 ]",8
10,bLRRIME-KNN,knn,PulmonaryHypertension,v1,0.06937229437229434,1.6277003288269043,0.9285714285714286,0.0714285714285714,0.875,0.875,1.0,1.0,0.9333333333333333,0.8660254037844387,0.9791666666666667,"[[6,0],
 [1,7]]","[6, 0, 1, 7]","(2, 2)",3,"[0 0 0 0 0 0 0 0 0 0 0 0 1 0 0 0 0 0 0 0 0 0 0 0 0 0 0 0 0 0 0 0 0 0 1 0 0
 0 1 0 0 0 0 0 0 0 0 0 0 0 0 0 0 0 0 0 0 0 0 0 0 0 0 0 0 0 0 0 0 0 0 0 0 0
 0 0 0 0 0 0 0 0 0 0 0 0 0 0 0 0 0 0 0 0 0 0 0 0 0]","[0.29314574 0.28455988 0.28102453 0.27698413 0.21114719 0.20811688
 0.20559163 0.20559163 0.06987734 0.06987734 0.06987734 0.06987734
 0.06987734 0.06987734 0.06987734 0.06987734 0.06937229 0.06937229
 0.06937229 0.06937229 0.06937229 0.06937229 0.06937229 0.06937229
 0.06937229 0.06937229 0.06937229 0.06937229 0.06937229 0.06937229
 0.06937229 0.06937229 0.06937229 0.06937229 0.06937229 0.06937229
 0.06937229 0.06937229 0.06937229 0.06937229 0.06937229 0.06937229
 0.06937229 0.06937229 0.06937229 0.06937229 0.06937229 0.06937229
 0.06937229 0.06937229]",8
1,bLRRIME-KNN,knn,PulmonaryHypertension,v1,0.0015151515151515165,1.7313191890716553,1.0,0.0,1.0,1.0,1.0,1.0,1.0,1.0,1.0,"[[7,0],
 [0,8]]","[7, 0, 0, 8]","(2, 2)",3,"[0 0 0 0 0 0 0 0 0 0 0 0 0 0 0 0 0 0 0 0 0 0 0 0 0 0 0 0 0 0 0 0 0 0 0 0 0
 0 0 0 0 0 0 0 0 0 0 0 0 0 0 0 0 0 0 0 0 0 0 0 0 0 0 0 0 0 0 0 0 0 0 0 1 0
 0 0 0 1 1 0 0 0 0 0 0 0 0 0 0 0 0 0 0 0 0 0 0 0 0]","[0.21070707 0.20565657 0.14484848 0.14484848 0.13373737 0.13373737
 0.13373737 0.06737374 0.06737374 0.06737374 0.06686869 0.06636364
 0.06636364 0.06535354 0.06535354 0.06535354 0.00151515 0.00151515
 0.00151515 0.00151515 0.00151515 0.00151515 0.00151515 0.00151515
 0.00151515 0.00151515 0.00151515 0.00151515 0.00151515 0.00151515
 0.00151515 0.00151515 0.00151515 0.00151515 0.00151515 0.00151515
 0.00151515 0.00151515 0.00151515 0.00151515 0.00151515 0.00151515
 0.00151515 0.00151515 0.00151515 0.00151515 0.00151515 0.00151515
 0.00151515 0.00151515]",9
2,bLRRIME-KNN,knn,PulmonaryHypertension,v1,0.06886724386724384,1.5819790363311768,0.9285714285714286,0.0714285714285714,0.8571428571428571,0.8571428571428571,1.0,1.0,0.9230769230769231,0.8660254037844387,0.979591836734694,"[[7,0],
 [1,6]]","[7, 0, 1, 6]","(2, 2)",2,"[1 0 0 0 0 1 0 0 0 0 0 0 0 0 0 0 0 0 0 0 0 0 0 0 0 0 0 0 0 0 0 0 0 0 0 0 0
 0 0 0 0 0 0 0 0 0 0 0 0 0 0 0 0 0 0 0 0 0 0 0 0 0 0 0 0 0 0 0 0 0 0 0 0 0
 0 0 0 0 0 0 0 0 0 0 0 0 0 0 0 0 0 0 0 0 0 0 0 0 0]","[0.15793651 0.15642136 0.14480519 0.0784632  0.07694805 0.0744228
 0.0744228  0.0724026  0.0713925  0.0703824  0.06987734 0.06987734
 0.06886724 0.06886724 0.06886724 0.06886724 0.06886724 0.06886724
 0.06886724 0.06886724 0.06886724 0.06886724 0.06886724 0.06886724
 0.06886724 0.06886724 0.06886724 0.06886724 0.06886724 0.06886724
 0.06886724 0.06886724 0.06886724 0.06886724 0.06886724 0.06886724
 0.06886724 0.06886724 0.06886724 0.06886724 0.06886724 0.06886724
 0.06886724 0.06886724 0.06886724 0.06886724 0.06886724 0.06886724
 0.06886724 0.06886724]",9
3,bLRRIME-KNN,knn,PulmonaryHypertension,v1,0.06886724386724384,1.656773567199707,0.9285714285714286,0.0714285714285714,1.0,1.0,0.8571428571428571,0.875,0.9333333333333333,0.8660254037844387,0.9081632653061225,"[[6,1],
 [0,7]]","[6, 1, 0, 7]","(2, 2)",2,"[0 0 0 0 0 0 0 0 0 0 0 0 0 0 0 0 0 0 0 0 0 0 0 0 0 0 0 0 0 0 0 0 0 0 0 0 0
 0 0 0 0 0 0 0 0 0 0 1 0 0 0 0 0 0 0 0 0 0 0 0 0 0 0 0 0 0 0 0 0 0 0 0 0 0
 0 0 0 0 0 0 0 0 0 0 0 0 0 0 0 0 0 0 0 0 0 0 1 0 0]","[0.15995671 0.15339105 0.15339105 0.15339105 0.0734127  0.07290765
 0.07290765 0.0724026  0.0724026  0.07189755 0.0703824  0.06937229
 0.06937229 0.06937229 0.06937229 0.06937229 0.06937229 0.06937229
 0.06937229 0.06886724 0.06886724 0.06886724 0.06886724 0.06886724
 0.06886724 0.06886724 0.06886724 0.06886724 0.06886724 0.06886724
 0.06886724 0.06886724 0.06886724 0.06886724 0.06886724 0.06886724
 0.06886724 0.06886724 0.06886724 0.06886724 0.06886724 0.06886724
 0.06886724 0.06886724 0.06886724 0.06886724 0.06886724 0.06886724
 0.06886724 0.06886724]",9
4,bLRRIME-KNN,knn,PulmonaryHypertension,v1,0.0010101010101010112,1.648871898651123,1.0,0.0,1.0,1.0,1.0,1.0,1.0,1.0,1.0,"[[7,0],
 [0,7]]","[7, 0, 0, 7]","(2, 2)",2,"[0 0 0 0 0 0 0 0 0 0 0 0 0 0 0 0 0 0 0 0 0 0 0 0 0 0 0 0 0 0 0 0 0 0 0 0 0
 0 1 0 0 0 0 0 0 0 0 0 0 0 0 0 0 0 0 0 0 0 0 0 0 0 0 0 0 0 0 0 0 0 0 0 0 0
 0 0 0 0 0 0 1 0 0 0 0 0 0 0 0 0 0 0 0 0 0 0 0 0 0]","[0.15036075 0.14227994 0.07290765 0.07290765 0.0724026  0.0713925
 0.0713925  0.0713925  0.0713925  0.0713925  0.0713925  0.0713925
 0.0713925  0.0713925  0.0713925  0.0010101  0.0010101  0.0010101
 0.0010101  0.0010101  0.0010101  0.0010101  0.0010101  0.0010101
 0.0010101  0.0010101  0.0010101  0.0010101  0.0010101  0.0010101
 0.0010101  0.0010101  0.0010101  0.0010101  0.0010101  0.0010101
 0.0010101  0.0010101  0.0010101  0.0010101  0.0010101  0.0010101
 0.0010101  0.0010101  0.0010101  0.0010101  0.0010101  0.0010101
 0.0010101  0.0010101 ]",9
5,bLRRIME-KNN,knn,PulmonaryHypertension,v1,0.06937229437229434,1.866539478302002,0.9285714285714286,0.0714285714285714,0.8571428571428571,0.8571428571428571,1.0,1.0,0.9230769230769231,0.8660254037844387,0.9693877551020408,"[[7,0],
 [1,6]]","[7, 0, 1, 6]","(2, 2)",3,"[0 0 0 0 0 1 0 0 0 0 0 0 0 0 0 0 0 0 0 0 0 0 0 0 0 0 0 0 0 0 0 0 0 0 0 0 0
 0 0 0 0 0 0 0 0 0 0 0 0 0 0 0 0 0 0 0 0 0 0 0 0 0 0 0 0 0 0 0 0 0 0 0 0 0
 0 0 0 0 0 0 0 0 0 1 1 0 0 0 0 0 0 0 0 0 0 0 0 0 0]","[0.2252886  0.21872294 0.21872294 0.14733045 0.14733045 0.13924964
 0.13924964 0.13924964 0.13924964 0.13924964 0.13823954 0.13823954
 0.13773449 0.0703824  0.0703824  0.0703824  0.06937229 0.06937229
 0.06937229 0.06937229 0.06937229 0.06937229 0.06937229 0.06937229
 0.06937229 0.06937229 0.06937229 0.06937229 0.06937229 0.06937229
 0.06937229 0.06937229 0.06937229 0.06937229 0.06937229 0.06937229
 0.06937229 0.06937229 0.06937229 0.06937229 0.06937229 0.06937229
 0.06937229 0.06937229 0.06937229 0.06937229 0.06937229 0.06937229
 0.06937229 0.06937229]",9
6,bLRRIME-KNN,knn,PulmonaryHypertension,v1,0.0015151515151515165,1.8136439323425293,1.0,0.0,1.0,1.0,1.0,1.0,1.0,1.0,1.0,"[[7,0],
 [0,7]]","[7, 0, 0, 7]","(2, 2)",3,"[0 0 0 0 0 0 0 0 0 0 0 0 0 0 0 0 0 0 0 0 0 0 0 0 0 0 0 0 0 0 0 0 0 0 0 0 0
 0 1 0 0 0 0 0 0 0 0 0 0 0 0 0 0 0 0 0 0 0 0 0 0 0 0 0 0 0 0 0 0 0 0 0 0 0
 0 0 0 0 0 0 0 0 0 0 0 0 0 0 0 0 0 1 0 1 0 0 0 0 0]","[0.02373737 0.02373737 0.02323232 0.01212121 0.00555556 0.0040404
 0.00353535 0.00353535 0.0030303  0.00151515 0.00151515 0.00151515
 0.00151515 0.00151515 0.00151515 0.00151515 0.00151515 0.00151515
 0.00151515 0.00151515 0.00151515 0.00151515 0.00151515 0.00151515
 0.00151515 0.00151515 0.00151515 0.00151515 0.00151515 0.00151515
 0.00151515 0.00151515 0.00151515 0.00151515 0.00151515 0.00151515
 0.00151515 0.00151515 0.00151515 0.00151515 0.00151515 0.00151515
 0.00151515 0.00151515 0.00151515 0.00151515 0.00151515 0.00151515
 0.00151515 0.00151515]",9
7,bLRRIME-KNN,knn,PulmonaryHypertension,v1,0.13621933621933627,1.4825153350830078,0.8571428571428571,0.1428571428571429,0.8571428571428571,0.8571428571428571,0.8571428571428571,0.8571428571428571,0.8571428571428571,0.7142857142857143,0.8265306122448978,"[[6,1],
 [1,6]]","[6, 1, 1, 6]","(2, 2)",1,"[0 0 0 0 0 0 0 0 0 0 0 0 0 0 0 0 0 0 0 0 0 0 0 0 0 0 0 0 0 0 0 0 0 0 0 0 0
 0 0 0 0 0 0 0 0 0 0 0 0 0 0 0 0 0 0 0 0 0 0 0 0 0 0 0 0 0 0 0 0 0 0 0 0 0
 0 0 0 0 0 0 0 0 0 0 0 0 0 0 0 1 0 0 0 0 0 0 0 0 0]","[0.28961039 0.28405483 0.21619769 0.21417749 0.21064214 0.20811688
 0.20811688 0.20811688 0.20559163 0.14177489 0.13924964 0.13823954
 0.13722944 0.13722944 0.13722944 0.13722944 0.13722944 0.13621934
 0.13621934 0.13621934 0.13621934 0.13621934 0.13621934 0.13621934
 0.13621934 0.13621934 0.13621934 0.13621934 0.13621934 0.13621934
 0.13621934 0.13621934 0.13621934 0.13621934 0.13621934 0.13621934
 0.13621934 0.13621934 0.13621934 0.13621934 0.13621934 0.13621934
 0.13621934 0.13621934 0.13621934 0.13621934 0.13621934 0.13621934
 0.13621934 0.13621934]",9
8,bLRRIME-KNN,knn,PulmonaryHypertension,v1,0.07088744588744586,1.879140853881836,0.9285714285714286,0.0714285714285714,0.8571428571428571,0.8571428571428571,1.0,1.0,0.9230769230769231,0.8660254037844387,0.8571428571428571,"[[7,0],
 [1,6]]","[7, 0, 1, 6]","(2, 2)",6,"[0 0 0 0 0 1 0 0 0 0 0 0 0 1 0 0 0 0 0 0 0 0 0 0 0 0 1 0 0 0 1 0 0 0 0 1 0
 0 0 0 0 0 0 0 0 0 0 0 0 0 0 0 0 0 0 0 0 0 0 0 0 1 0 0 0 0 0 0 0 0 0 0 0 0
 0 0 0 0 0 0 0 0 0 0 0 0 0 0 0 0 0 0 0 0 0 0 0 0 0]","[0.14834055 0.14834055 0.14632035 0.14177489 0.14076479 0.0734127
 0.0734127  0.0734127  0.0734127  0.0734127  0.07290765 0.07189755
 0.07189755 0.07189755 0.07189755 0.07088745 0.07088745 0.07088745
 0.07088745 0.07088745 0.07088745 0.07088745 0.07088745 0.07088745
 0.07088745 0.07088745 0.07088745 0.07088745 0.07088745 0.07088745
 0.07088745 0.07088745 0.07088745 0.07088745 0.07088745 0.07088745
 0.07088745 0.07088745 0.07088745 0.07088745 0.07088745 0.07088745
 0.07088745 0.07088745 0.07088745 0.07088745 0.07088745 0.07088745
 0.07088745 0.07088745]",9
9,bLRRIME-KNN,knn,PulmonaryHypertension,v1,0.13722943722943728,1.6178374290466309,0.8571428571428571,0.1428571428571429,0.8571428571428571,0.8571428571428571,0.8571428571428571,0.8571428571428571,0.8571428571428571,0.7142857142857143,0.8571428571428572,"[[6,1],
 [1,6]]","[6, 1, 1, 6]","(2, 2)",3,"[0 0 0 0 0 0 0 0 0 0 0 0 0 0 0 0 0 0 0 1 0 0 0 0 0 0 0 0 0 0 0 0 0 0 0 0 0
 0 0 0 0 0 0 0 0 0 0 0 0 0 0 0 0 0 0 0 0 0 1 0 0 0 0 0 0 0 0 0 0 0 0 0 0 0
 0 1 0 0 0 0 0 0 0 0 0 0 0 0 0 0 0 0 0 0 0 0 0 0 0]","[0.23134921 0.23134921 0.23134921 0.23134921 0.20761183 0.20609668
 0.20508658 0.20508658 0.20508658 0.20508658 0.20508658 0.20508658
 0.20407648 0.20407648 0.20407648 0.20407648 0.20407648 0.20407648
 0.20407648 0.20407648 0.20407648 0.20407648 0.13722944 0.13722944
 0.13722944 0.13722944 0.13722944 0.13722944 0.13722944 0.13722944
 0.13722944 0.13722944 0.13722944 0.13722944 0.13722944 0.13722944
 0.13722944 0.13722944 0.13722944 0.13722944 0.13722944 0.13722944
 0.13722944 0.13722944 0.13722944 0.13722944 0.13722944 0.13722944
 0.13722944 0.13722944]",9
10,bLRRIME-KNN,knn,PulmonaryHypertension,v1,0.13621933621933627,1.5911836624145508,0.8571428571428571,0.1428571428571429,0.875,0.875,0.8333333333333334,0.875,0.875,0.7083333333333334,0.9166666666666667,"[[5,1],
 [1,7]]","[5, 1, 1, 7]","(2, 2)",1,"[0 0 0 0 0 1 0 0 0 0 0 0 0 0 0 0 0 0 0 0 0 0 0 0 0 0 0 0 0 0 0 0 0 0 0 0 0
 0 0 0 0 0 0 0 0 0 0 0 0 0 0 0 0 0 0 0 0 0 0 0 0 0 0 0 0 0 0 0 0 0 0 0 0 0
 0 0 0 0 0 0 0 0 0 0 0 0 0 0 0 0 0 0 0 0 0 0 0 0 0]","[0.15793651 0.15793651 0.15793651 0.15793651 0.14834055 0.14329004
 0.14227994 0.14076479 0.13823954 0.13823954 0.13823954 0.13621934
 0.13621934 0.13621934 0.13621934 0.13621934 0.13621934 0.13621934
 0.13621934 0.13621934 0.13621934 0.13621934 0.13621934 0.13621934
 0.13621934 0.13621934 0.13621934 0.13621934 0.13621934 0.13621934
 0.13621934 0.13621934 0.13621934 0.13621934 0.13621934 0.13621934
 0.13621934 0.13621934 0.13621934 0.13621934 0.13621934 0.13621934
 0.13621934 0.13621934 0.13621934 0.13621934 0.13621934 0.13621934
 0.13621934 0.13621934]",9
1,bLRRIME-KNN,knn,PulmonaryHypertension,v1,0.003535353535353538,1.910742998123169,1.0,0.0,1.0,1.0,1.0,1.0,1.0,1.0,1.0,"[[7,0],
 [0,8]]","[7, 0, 0, 8]","(2, 2)",7,"[0 0 0 0 0 1 1 0 0 0 0 0 0 0 0 0 0 0 0 0 0 0 0 0 0 0 0 0 0 0 0 0 0 0 0 1 0
 0 0 0 0 0 0 0 0 0 0 0 0 0 0 0 0 0 0 0 0 0 0 0 0 0 0 0 0 0 0 1 0 0 0 0 0 0
 0 0 0 0 0 0 0 0 0 0 0 0 0 0 0 1 1 0 0 0 1 0 0 0 0]","[0.14383838 0.0840404  0.0820202  0.01616162 0.01616162 0.01464646
 0.01464646 0.01464646 0.01464646 0.01464646 0.01464646 0.01464646
 0.01464646 0.01464646 0.01464646 0.01010101 0.01010101 0.00909091
 0.00808081 0.00757576 0.00757576 0.00757576 0.00606061 0.00606061
 0.00606061 0.00606061 0.00606061 0.00606061 0.00606061 0.00606061
 0.00606061 0.00606061 0.00606061 0.00606061 0.00606061 0.00606061
 0.00606061 0.00555556 0.00555556 0.00353535 0.00353535 0.00353535
 0.00353535 0.00353535 0.00353535 0.00353535 0.00353535 0.00353535
 0.00353535 0.00353535]",10
2,bLRRIME-KNN,knn,PulmonaryHypertension,v1,0.06937229437229434,1.7405893802642822,0.9285714285714286,0.0714285714285714,0.8571428571428571,0.8571428571428571,1.0,1.0,0.9230769230769231,0.8660254037844387,0.8673469387755102,"[[7,0],
 [1,6]]","[7, 0, 1, 6]","(2, 2)",3,"[0 0 0 0 0 0 0 0 0 0 0 0 0 0 0 0 0 0 0 0 0 0 0 0 0 0 0 0 0 0 0 0 0 0 1 0 0
 0 0 0 0 0 0 0 0 0 0 0 0 0 0 0 0 0 0 0 0 0 1 0 1 0 0 0 0 0 0 0 0 0 0 0 0 0
 0 0 0 0 0 0 0 0 0 0 0 0 0 0 0 0 0 0 0 0 0 0 0 0 0]","[0.22175325 0.21670274 0.14733045 0.14227994 0.13975469 0.13975469
 0.13975469 0.13722944 0.06987734 0.06987734 0.06937229 0.06937229
 0.06937229 0.06937229 0.06937229 0.06937229 0.06937229 0.06937229
 0.06937229 0.06937229 0.06937229 0.06937229 0.06937229 0.06937229
 0.06937229 0.06937229 0.06937229 0.06937229 0.06937229 0.06937229
 0.06937229 0.06937229 0.06937229 0.06937229 0.06937229 0.06937229
 0.06937229 0.06937229 0.06937229 0.06937229 0.06937229 0.06937229
 0.06937229 0.06937229 0.06937229 0.06937229 0.06937229 0.06937229
 0.06937229 0.06937229]",10
3,bLRRIME-KNN,knn,PulmonaryHypertension,v1,0.2045815295815296,1.5336644649505615,0.7857142857142857,0.2142857142857143,0.8571428571428571,0.8571428571428571,0.7142857142857143,0.75,0.8,0.5773502691896257,0.7244897959183674,"[[5,2],
 [1,6]]","[5, 2, 1, 6]","(2, 2)",2,"[1 0 0 0 0 0 0 0 0 0 0 0 0 0 0 0 0 0 0 0 0 0 0 0 0 0 0 0 0 0 0 0 0 0 0 0 0
 0 0 0 0 0 0 0 0 0 0 0 0 0 0 0 0 0 0 0 0 0 0 0 0 0 0 0 0 0 0 0 0 0 0 0 0 0
 0 0 0 0 0 0 0 0 0 0 0 0 1 0 0 0 0 0 0 0 0 0 0 0 0]","[0.2987013  0.29516595 0.29516595 0.27597403 0.27496392 0.27344877
 0.27344877 0.27344877 0.27344877 0.20508658 0.20508658 0.20508658
 0.20508658 0.20458153 0.20458153 0.20458153 0.20458153 0.20458153
 0.20458153 0.20458153 0.20458153 0.20458153 0.20458153 0.20458153
 0.20458153 0.20458153 0.20458153 0.20458153 0.20458153 0.20458153
 0.20458153 0.20458153 0.20458153 0.20458153 0.20458153 0.20458153
 0.20458153 0.20458153 0.20458153 0.20458153 0.20458153 0.20458153
 0.20458153 0.20458153 0.20458153 0.20458153 0.20458153 0.20458153
 0.20458153 0.20458153]",10
4,bLRRIME-KNN,knn,PulmonaryHypertension,v1,0.1377344877344878,1.68556809425354,0.8571428571428571,0.1428571428571429,0.8571428571428571,0.8571428571428571,0.8571428571428571,0.8571428571428571,0.8571428571428571,0.7142857142857143,0.8775510204081634,"[[6,1],
 [1,6]]","[6, 1, 1, 6]","(2, 2)",4,"[0 0 0 0 0 1 0 0 0 0 0 0 0 0 0 0 0 0 0 1 0 0 0 0 0 0 0 0 0 0 0 0 0 0 0 0 0
 0 0 1 0 0 0 0 0 0 0 0 0 0 0 0 0 0 0 0 0 0 0 0 0 0 0 1 0 0 0 0 0 0 0 0 0 0
 0 0 0 0 0 0 0 0 0 0 0 0 0 0 0 0 0 0 0 0 0 0 0 0 0]","[0.29062049 0.28304473 0.28001443 0.27748918 0.27698413 0.27698413
 0.27496392 0.20862193 0.13874459 0.13773449 0.13773449 0.13773449
 0.13773449 0.13773449 0.13773449 0.13773449 0.13773449 0.13773449
 0.13773449 0.13773449 0.13773449 0.13773449 0.13773449 0.13773449
 0.13773449 0.13773449 0.13773449 0.13773449 0.13773449 0.13773449
 0.13773449 0.13773449 0.13773449 0.13773449 0.13773449 0.13773449
 0.13773449 0.13773449 0.13773449 0.13773449 0.13773449 0.13773449
 0.13773449 0.13773449 0.13773449 0.13773449 0.13773449 0.13773449
 0.13773449 0.13773449]",10
5,bLRRIME-KNN,knn,PulmonaryHypertension,v1,0.0015151515151515165,1.6270020008087158,1.0,0.0,1.0,1.0,1.0,1.0,1.0,1.0,1.0,"[[7,0],
 [0,7]]","[7, 0, 0, 7]","(2, 2)",3,"[0 0 0 0 0 0 0 0 0 0 0 0 0 0 0 0 0 0 0 0 0 0 0 0 0 0 0 0 0 0 0 0 0 0 0 0 0
 0 0 0 0 0 0 0 0 0 0 0 0 0 0 0 0 0 0 0 0 0 0 0 1 0 0 0 0 0 0 0 0 0 0 0 0 0
 0 0 0 0 0 0 0 0 0 0 0 0 0 0 0 1 0 0 0 0 0 1 0 0 0]","[0.15844156 0.15036075 0.15036075 0.1488456  0.1488456  0.14632035
 0.13975469 0.13975469 0.0724026  0.0724026  0.06937229 0.06937229
 0.06937229 0.06937229 0.06937229 0.06937229 0.06937229 0.06937229
 0.06937229 0.06937229 0.06937229 0.06937229 0.06937229 0.06937229
 0.06937229 0.06937229 0.06937229 0.00151515 0.00151515 0.00151515
 0.00151515 0.00151515 0.00151515 0.00151515 0.00151515 0.00151515
 0.00151515 0.00151515 0.00151515 0.00151515 0.00151515 0.00151515
 0.00151515 0.00151515 0.00151515 0.00151515 0.00151515 0.00151515
 0.00151515 0.00151515]",10
6,bLRRIME-KNN,knn,PulmonaryHypertension,v1,0.13672438672438678,1.5727910995483398,0.8571428571428571,0.1428571428571429,0.8571428571428571,0.8571428571428571,0.8571428571428571,0.8571428571428571,0.8571428571428571,0.7142857142857143,0.8571428571428572,"[[6,1],
 [1,6]]","[6, 1, 1, 6]","(2, 2)",2,"[0 0 0 0 0 0 0 0 0 0 0 0 0 0 0 0 0 0 0 0 0 0 0 0 0 0 0 0 0 0 0 0 0 0 0 0 0
 0 0 0 1 0 0 0 0 0 0 0 0 0 0 0 0 0 0 0 0 0 0 0 1 0 0 0 0 0 0 0 0 0 0 0 0 0
 0 0 0 0 0 0 0 0 0 0 0 0 0 0 0 0 0 0 0 0 0 0 0 0 0]","[0.29163059 0.28455988 0.28253968 0.20912698 0.20660173 0.20609668
 0.20559163 0.20559163 0.20559163 0.13823954 0.13823954 0.13823954
 0.13672439 0.13672439 0.13672439 0.13672439 0.13672439 0.13672439
 0.13672439 0.13672439 0.13672439 0.13672439 0.13672439 0.13672439
 0.13672439 0.13672439 0.13672439 0.13672439 0.13672439 0.13672439
 0.13672439 0.13672439 0.13672439 0.13672439 0.13672439 0.13672439
 0.13672439 0.13672439 0.13672439 0.13672439 0.13672439 0.13672439
 0.13672439 0.13672439 0.13672439 0.13672439 0.13672439 0.13672439
 0.13672439 0.13672439]",10
7,bLRRIME-KNN,knn,PulmonaryHypertension,v1,0.0010101010101010112,1.6354014873504639,1.0,0.0,1.0,1.0,1.0,1.0,1.0,1.0,1.0,"[[7,0],
 [0,7]]","[7, 0, 0, 7]","(2, 2)",2,"[0 0 0 0 0 0 0 0 0 0 0 0 0 0 0 0 0 0 1 0 0 0 0 0 0 0 0 0 0 0 0 0 0 0 0 1 0
 0 0 0 0 0 0 0 0 0 0 0 0 0 0 0 0 0 0 0 0 0 0 0 0 0 0 0 0 0 0 0 0 0 0 0 0 0
 0 0 0 0 0 0 0 0 0 0 0 0 0 0 0 0 0 0 0 0 0 0 0 0 0]","[0.02171717 0.01616162 0.01616162 0.00959596 0.00707071 0.00656566
 0.00656566 0.0040404  0.0030303  0.00252525 0.00252525 0.00151515
 0.00151515 0.00151515 0.00151515 0.00151515 0.00151515 0.00151515
 0.00151515 0.00151515 0.0010101  0.0010101  0.0010101  0.0010101
 0.0010101  0.0010101  0.0010101  0.0010101  0.0010101  0.0010101
 0.0010101  0.0010101  0.0010101  0.0010101  0.0010101  0.0010101
 0.0010101  0.0010101  0.0010101  0.0010101  0.0010101  0.0010101
 0.0010101  0.0010101  0.0010101  0.0010101  0.0010101  0.0010101
 0.0010101  0.0010101 ]",10
8,bLRRIME-KNN,knn,PulmonaryHypertension,v1,0.06987734487734484,1.8717734813690186,0.9285714285714286,0.0714285714285714,1.0,1.0,0.8571428571428571,0.875,0.9333333333333333,0.8660254037844387,0.9489795918367346,"[[6,1],
 [0,7]]","[6, 1, 0, 7]","(2, 2)",4,"[0 0 0 1 0 0 0 0 0 0 0 0 0 0 0 0 0 0 0 0 0 0 0 0 0 0 0 0 0 1 0 0 0 0 0 0 0
 0 0 0 0 0 0 0 0 0 0 0 0 0 0 0 0 0 0 0 0 0 0 0 0 0 0 0 0 0 0 0 0 0 0 0 1 0
 0 0 0 0 0 0 0 0 0 0 0 0 0 0 0 0 0 0 0 0 0 1 0 0 0]","[0.29213564 0.28556999 0.21165224 0.21165224 0.21165224 0.21165224
 0.21165224 0.21165224 0.20660173 0.0713925  0.06987734 0.06987734
 0.06987734 0.06987734 0.06987734 0.06987734 0.06987734 0.06987734
 0.06987734 0.06987734 0.06987734 0.06987734 0.06987734 0.06987734
 0.06987734 0.06987734 0.06987734 0.06987734 0.06987734 0.06987734
 0.06987734 0.06987734 0.06987734 0.06987734 0.06987734 0.06987734
 0.06987734 0.06987734 0.06987734 0.06987734 0.06987734 0.06987734
 0.06987734 0.06987734 0.06987734 0.06987734 0.06987734 0.06987734
 0.06987734 0.06987734]",10
9,bLRRIME-KNN,knn,PulmonaryHypertension,v1,0.0015151515151515165,1.7100565433502197,1.0,0.0,1.0,1.0,1.0,1.0,1.0,1.0,1.0,"[[7,0],
 [0,7]]","[7, 0, 0, 7]","(2, 2)",3,"[0 0 0 0 0 1 0 0 0 0 0 0 0 0 0 0 0 0 0 0 0 0 0 0 0 0 0 0 0 0 0 0 0 0 0 0 0
 0 0 0 0 0 0 0 0 0 0 1 0 0 0 0 0 0 0 0 0 0 0 0 0 0 0 0 0 0 0 0 0 0 0 0 0 0
 0 0 0 0 0 0 0 0 0 0 0 0 1 0 0 0 0 0 0 0 0 0 0 0 0]","[0.02626263 0.01565657 0.01363636 0.00909091 0.00909091 0.00353535
 0.0030303  0.0030303  0.0020202  0.00151515 0.00151515 0.00151515
 0.00151515 0.00151515 0.00151515 0.00151515 0.00151515 0.00151515
 0.00151515 0.00151515 0.00151515 0.00151515 0.00151515 0.00151515
 0.00151515 0.00151515 0.00151515 0.00151515 0.00151515 0.00151515
 0.00151515 0.00151515 0.00151515 0.00151515 0.00151515 0.00151515
 0.00151515 0.00151515 0.00151515 0.00151515 0.00151515 0.00151515
 0.00151515 0.00151515 0.00151515 0.00151515 0.00151515 0.00151515
 0.00151515 0.00151515]",10
10,bLRRIME-KNN,knn,PulmonaryHypertension,v1,0.06886724386724384,1.5815672874450684,0.9285714285714286,0.0714285714285714,1.0,1.0,0.8333333333333334,0.8888888888888888,0.9411764705882353,0.8606629658238705,0.9791666666666667,"[[5,1],
 [0,8]]","[5, 1, 0, 8]","(2, 2)",2,"[0 0 0 0 0 1 0 1 0 0 0 0 0 0 0 0 0 0 0 0 0 0 0 0 0 0 0 0 0 0 0 0 0 0 0 0 0
 0 0 0 0 0 0 0 0 0 0 0 0 0 0 0 0 0 0 0 0 0 0 0 0 0 0 0 0 0 0 0 0 0 0 0 0 0
 0 0 0 0 0 0 0 0 0 0 0 0 0 0 0 0 0 0 0 0 0 0 0 0 0]","[0.2242785  0.1508658  0.1508658  0.1488456  0.14531025 0.14531025
 0.14025974 0.14025974 0.0703824  0.06886724 0.06886724 0.06886724
 0.06886724 0.06886724 0.06886724 0.06886724 0.06886724 0.06886724
 0.06886724 0.06886724 0.06886724 0.06886724 0.06886724 0.06886724
 0.06886724 0.06886724 0.06886724 0.06886724 0.06886724 0.06886724
 0.06886724 0.06886724 0.06886724 0.06886724 0.06886724 0.06886724
 0.06886724 0.06886724 0.06886724 0.06886724 0.06886724 0.06886724
 0.06886724 0.06886724 0.06886724 0.06886724 0.06886724 0.06886724
 0.06886724 0.06886724]",10
